image_name;width;height;file_size_kb;contrast;otsu_threshold;black_pixels;white_pixels
Viral Pneumonia-1.png;299;299;37,66;59,76;98,0;26289;63112
Viral Pneumonia-10.png;299;299;37,4;49,11;118,0;30405;58996
Viral Pneumonia-100.png;299;299;36,22;66,67;93,0;25228;64173
Viral Pneumonia-1000.png;299;299;39,24;64,15;97,0;25645;63756
Viral Pneumonia-1001.png;299;299;38,27;46,45;132,0;15422;73979
Viral Pneumonia-1002.png;299;299;42,67;63,29;101,0;33228;56173
Viral Pneumonia-1003.png;299;299;42,71;57,31;109,0;33346;56055
Viral Pneumonia-1004.png;299;299;55,63;39,65;100,0;21763;67638
Viral Pneumonia-1005.png;299;299;55,09;57,41;124,0;36191;53210
Viral Pneumonia-1006.png;299;299;32,47;57,33;94,0;29012;60389
Viral Pneumonia-1007.png;299;299;35,4;37,5;122,0;8697;80704
Viral Pneumonia-1008.png;299;299;37,75;53,32;121,0;39124;50277
Viral Pneumonia-1009.png;299;299;35,4;72,85;98,0;33061;56340
Viral Pneumonia-101.png;299;299;40,22;62,62;107,0;28597;60804
Viral Pneumonia-1010.png;299;299;35,53;60,64;111,0;13326;76075
Viral Pneumonia-1011.png;299;299;37,56;60,24;121,0;25372;64029
Viral Pneumonia-1012.png;299;299;36,15;61,93;81,0;36695;52706
Viral Pneumonia-1013.png;299;299;39,38;74,0;116,0;33843;55558
Viral Pneumonia-1014.png;299;299;39,25;50,41;131,0;25346;64055
Viral Pneumonia-1015.png;299;299;38,51;51,03;97,0;48442;40959
Viral Pneumonia-1016.png;299;299;40,28;66,84;111,0;32937;56464
Viral Pneumonia-1017.png;299;299;64,13;53,95;109,0;18016;71385
Viral Pneumonia-1018.png;299;299;39,61;61,07;116,0;34431;54970
Viral Pneumonia-1019.png;299;299;36,02;69,59;93,0;30841;58560
Viral Pneumonia-102.png;299;299;36,71;69,63;95,0;28259;61142
Viral Pneumonia-1020.png;299;299;34,95;76,39;95,0;33498;55903
Viral Pneumonia-1021.png;299;299;39,92;62,31;100,0;39342;50059
Viral Pneumonia-1022.png;299;299;34,3;77,22;108,0;28488;60913
Viral Pneumonia-1023.png;299;299;42,89;65,85;124,0;33886;55515
Viral Pneumonia-1024.png;299;299;38,02;67,36;106,0;38021;51380
Viral Pneumonia-1025.png;299;299;38,71;74,57;121,0;30240;59161
Viral Pneumonia-1026.png;299;299;40,84;61,21;129,0;26523;62878
Viral Pneumonia-1027.png;299;299;42,51;66,99;138,0;31931;57470
Viral Pneumonia-1028.png;299;299;37,6;66,56;103,0;35930;53471
Viral Pneumonia-1029.png;299;299;37,44;74,65;110,0;30538;58863
Viral Pneumonia-103.png;299;299;36,18;75,6;101,0;22612;66789
Viral Pneumonia-1030.png;299;299;38,57;77,7;100,0;29197;60204
Viral Pneumonia-1031.png;299;299;37,24;73,03;106,0;23118;66283
Viral Pneumonia-1032.png;299;299;40,24;70,57;125,0;27756;61645
Viral Pneumonia-1033.png;299;299;37,28;65,09;100,0;25908;63493
Viral Pneumonia-1034.png;299;299;37,09;74,1;100,0;27619;61782
Viral Pneumonia-1035.png;299;299;40,95;60,18;118,0;17498;71903
Viral Pneumonia-1036.png;299;299;38,62;63,05;90,0;44192;45209
Viral Pneumonia-1037.png;299;299;33,79;68,4;90,0;22224;67177
Viral Pneumonia-1038.png;299;299;36,15;65,07;94,0;40571;48830
Viral Pneumonia-1039.png;299;299;39,12;71,41;114,0;27385;62016
Viral Pneumonia-104.png;299;299;36,62;65,63;87,0;26328;63073
Viral Pneumonia-1040.png;299;299;37,63;72,76;113,0;28615;60786
Viral Pneumonia-1041.png;299;299;39,6;64,43;110,0;26746;62655
Viral Pneumonia-1042.png;299;299;39,12;65,47;103,0;32079;57322
Viral Pneumonia-1043.png;299;299;40,19;70,08;108,0;22267;67134
Viral Pneumonia-1044.png;299;299;39,35;77,57;110,0;36672;52729
Viral Pneumonia-1045.png;299;299;37,33;70,57;104,0;38240;51161
Viral Pneumonia-1046.png;299;299;40,54;62,95;123,0;36681;52720
Viral Pneumonia-1047.png;299;299;32,85;78,28;94,0;29229;60172
Viral Pneumonia-1048.png;299;299;40,71;76,58;118,0;32405;56996
Viral Pneumonia-1049.png;299;299;39,21;70,65;107,0;27242;62159
Viral Pneumonia-105.png;299;299;37,08;69,65;118,0;20037;69364
Viral Pneumonia-1050.png;299;299;36,62;67,48;99,0;28758;60643
Viral Pneumonia-1051.png;299;299;34,53;49,67;118,0;9502;79899
Viral Pneumonia-1052.png;299;299;39,04;44,32;116,0;28064;61337
Viral Pneumonia-1053.png;299;299;39,04;44,32;116,0;28064;61337
Viral Pneumonia-1054.png;299;299;34,41;68,1;88,0;34034;55367
Viral Pneumonia-1055.png;299;299;37,54;66,39;100,0;27208;62193
Viral Pneumonia-1056.png;299;299;40,96;61,59;99,0;33922;55479
Viral Pneumonia-1057.png;299;299;38,03;66,67;100,0;28281;61120
Viral Pneumonia-1058.png;299;299;40,74;68,84;115,0;28701;60700
Viral Pneumonia-1059.png;299;299;40,56;71,2;103,0;29781;59620
Viral Pneumonia-106.png;299;299;33,55;74,1;101,0;24390;65011
Viral Pneumonia-1060.png;299;299;39,11;75,9;115,0;37162;52239
Viral Pneumonia-1061.png;299;299;39,73;59,52;130,0;33149;56252
Viral Pneumonia-1062.png;299;299;40,01;71,63;105,0;32621;56780
Viral Pneumonia-1063.png;299;299;41,41;64,7;120,0;30836;58565
Viral Pneumonia-1064.png;299;299;34,98;77,23;99,0;37501;51900
Viral Pneumonia-1065.png;299;299;40,7;55,68;96,0;34456;54945
Viral Pneumonia-1066.png;299;299;37,29;69,27;110,0;23351;66050
Viral Pneumonia-1067.png;299;299;40,74;77,61;117,0;36828;52573
Viral Pneumonia-1068.png;299;299;38,49;71,81;100,0;22906;66495
Viral Pneumonia-1069.png;299;299;37,74;74,42;102,0;25363;64038
Viral Pneumonia-107.png;299;299;34,48;71,58;98,0;27035;62366
Viral Pneumonia-1070.png;299;299;37,58;66,61;103,0;41792;47609
Viral Pneumonia-1071.png;299;299;40,04;63,03;124,0;30719;58682
Viral Pneumonia-1072.png;299;299;41,93;62,23;128,0;31070;58331
Viral Pneumonia-1073.png;299;299;35,38;83,25;109,0;37251;52150
Viral Pneumonia-1074.png;299;299;39,22;59,16;118,0;15816;73585
Viral Pneumonia-1075.png;299;299;41,2;61,09;124,0;21204;68197
Viral Pneumonia-1076.png;299;299;37,8;70,18;99,0;27850;61551
Viral Pneumonia-1077.png;299;299;39,32;74,88;107,0;29409;59992
Viral Pneumonia-1078.png;299;299;40,8;72,06;128,0;35337;54064
Viral Pneumonia-1079.png;299;299;37,07;66,68;110,0;18774;70627
Viral Pneumonia-108.png;299;299;36,26;63,34;98,0;19094;70307
Viral Pneumonia-1080.png;299;299;35,15;63,29;110,0;22693;66708
Viral Pneumonia-1081.png;299;299;39,99;74,29;111,0;20500;68901
Viral Pneumonia-1082.png;299;299;35,2;79,71;97,0;38644;50757
Viral Pneumonia-1083.png;299;299;37,07;72,28;101,0;30824;58577
Viral Pneumonia-1084.png;299;299;56,09;40,21;151,0;20835;68566
Viral Pneumonia-1085.png;299;299;40,69;71,74;114,0;32082;57319
Viral Pneumonia-1086.png;299;299;39,12;65,36;101,0;39043;50358
Viral Pneumonia-1087.png;299;299;44,03;58,51;129,0;32688;56713
Viral Pneumonia-1088.png;299;299;36,46;76,49;105,0;25918;63483
Viral Pneumonia-1089.png;299;299;39,96;73,82;109,0;27661;61740
Viral Pneumonia-109.png;299;299;37,68;64,22;101,0;18293;71108
Viral Pneumonia-1090.png;299;299;34,19;66,34;82,0;40227;49174
Viral Pneumonia-1091.png;299;299;36,53;71,76;104,0;31849;57552
Viral Pneumonia-1092.png;299;299;38,38;64,07;103,0;37359;52042
Viral Pneumonia-1093.png;299;299;37,32;69,46;96,0;32670;56731
Viral Pneumonia-1094.png;299;299;39,0;73,73;115,0;29995;59406
Viral Pneumonia-1095.png;299;299;42,12;60,18;104,0;29896;59505
Viral Pneumonia-1096.png;299;299;39,39;73,29;113,0;29400;60001
Viral Pneumonia-1097.png;299;299;41,03;70,22;114,0;31875;57526
Viral Pneumonia-1098.png;299;299;36,46;53,71;109,0;20217;69184
Viral Pneumonia-1099.png;299;299;35,57;53,73;111,0;15028;74373
Viral Pneumonia-11.png;299;299;40,74;56,16;107,0;47098;42303
Viral Pneumonia-110.png;299;299;37,54;65,67;108,0;26189;63212
Viral Pneumonia-1100.png;299;299;35,89;61,44;112,0;31880;57521
Viral Pneumonia-1101.png;299;299;37,47;45,82;127,0;19870;69531
Viral Pneumonia-1102.png;299;299;40,31;64,23;105,0;30063;59338
Viral Pneumonia-1103.png;299;299;39,27;67,25;105,0;25408;63993
Viral Pneumonia-1104.png;299;299;40,15;64,15;117,0;35849;53552
Viral Pneumonia-1105.png;299;299;35,66;74,09;102,0;33000;56401
Viral Pneumonia-1106.png;299;299;33,74;77,78;93,0;29184;60217
Viral Pneumonia-1107.png;299;299;39,01;77,33;103,0;36054;53347
Viral Pneumonia-1108.png;299;299;35,48;69,55;101,0;29110;60291
Viral Pneumonia-1109.png;299;299;36,37;69,74;100,0;34164;55237
Viral Pneumonia-111.png;299;299;37,58;69,22;108,0;21048;68353
Viral Pneumonia-1110.png;299;299;41,04;63,18;117,0;28764;60637
Viral Pneumonia-1111.png;299;299;36,53;74,79;98,0;27162;62239
Viral Pneumonia-1112.png;299;299;36,1;74,88;90,0;28337;61064
Viral Pneumonia-1113.png;299;299;34,79;55,94;108,0;21548;67853
Viral Pneumonia-1114.png;299;299;43,19;58,57;97,0;23974;65427
Viral Pneumonia-1115.png;299;299;35,55;49,16;114,0;30184;59217
Viral Pneumonia-1116.png;299;299;37,43;57,86;82,0;40288;49113
Viral Pneumonia-1117.png;299;299;39,49;73,16;112,0;26310;63091
Viral Pneumonia-1118.png;299;299;40,18;66,13;114,0;17173;72228
Viral Pneumonia-1119.png;299;299;31,5;77,55;102,0;21251;68150
Viral Pneumonia-112.png;299;299;39,4;63,78;99,0;26579;62822
Viral Pneumonia-1120.png;299;299;39,24;71,93;111,0;25924;63477
Viral Pneumonia-1121.png;299;299;32,78;72,92;86,0;32569;56832
Viral Pneumonia-1122.png;299;299;37,82;64,3;102,0;37013;52388
Viral Pneumonia-1123.png;299;299;64,74;58,51;131,0;32638;56763
Viral Pneumonia-1124.png;299;299;35,34;67,24;86,0;33936;55465
Viral Pneumonia-1125.png;299;299;38,68;71,02;96,0;28247;61154
Viral Pneumonia-1126.png;299;299;40,36;63,56;117,0;28230;61171
Viral Pneumonia-1127.png;299;299;39,34;68,67;104,0;26872;62529
Viral Pneumonia-1128.png;299;299;35,38;68,12;89,0;33045;56356
Viral Pneumonia-1129.png;299;299;33,77;77,94;96,0;29485;59916
Viral Pneumonia-113.png;299;299;38,91;67,91;104,0;22363;67038
Viral Pneumonia-1130.png;299;299;38,8;65,35;114,0;20520;68881
Viral Pneumonia-1131.png;299;299;40,63;61,08;106,0;38200;51201
Viral Pneumonia-1132.png;299;299;40,16;72,83;103,0;30684;58717
Viral Pneumonia-1133.png;299;299;34,79;57,36;111,0;17330;72071
Viral Pneumonia-1134.png;299;299;35,58;52,3;121,0;24933;64468
Viral Pneumonia-1135.png;299;299;40,46;71,0;115,0;37335;52066
Viral Pneumonia-1136.png;299;299;39,81;62,95;115,0;30544;58857
Viral Pneumonia-1137.png;299;299;41,04;64,04;138,0;29526;59875
Viral Pneumonia-1138.png;299;299;41,99;56,1;137,0;29336;60065
Viral Pneumonia-1139.png;299;299;42,21;58,02;139,0;25815;63586
Viral Pneumonia-114.png;299;299;38,18;71,26;108,0;22015;67386
Viral Pneumonia-1140.png;299;299;42,16;65,81;116,0;25528;63873
Viral Pneumonia-1141.png;299;299;41,4;69,73;116,0;25391;64010
Viral Pneumonia-1142.png;299;299;40,77;66,58;105,0;21755;67646
Viral Pneumonia-1143.png;299;299;40,15;70,03;110,0;25703;63698
Viral Pneumonia-1144.png;299;299;36,2;78,08;99,0;31418;57983
Viral Pneumonia-1145.png;299;299;34,12;48,79;115,0;16109;73292
Viral Pneumonia-1146.png;299;299;41,22;70,68;124,0;23772;65629
Viral Pneumonia-1147.png;299;299;42,42;66,41;120,0;25569;63832
Viral Pneumonia-1148.png;299;299;41,11;63,02;121,0;23267;66134
Viral Pneumonia-1149.png;299;299;33,25;71,4;87,0;32242;57159
Viral Pneumonia-115.png;299;299;37,34;73,77;105,0;26385;63016
Viral Pneumonia-1150.png;299;299;35,85;74,81;102,0;34815;54586
Viral Pneumonia-1151.png;299;299;42,06;52,81;134,0;19684;69717
Viral Pneumonia-1152.png;299;299;43,61;50,88;145,0;24536;64865
Viral Pneumonia-1153.png;299;299;38,88;69,77;124,0;34762;54639
Viral Pneumonia-1154.png;299;299;53,83;47,78;94,0;12593;76808
Viral Pneumonia-1155.png;299;299;58,8;61,36;91,0;15940;73461
Viral Pneumonia-1156.png;299;299;37,1;55,01;119,0;20723;68678
Viral Pneumonia-1157.png;299;299;35,66;66,91;92,0;32442;56959
Viral Pneumonia-1158.png;299;299;35,1;69,55;98,0;46568;42833
Viral Pneumonia-1159.png;299;299;37,05;66,96;104,0;19025;70376
Viral Pneumonia-116.png;299;299;31,83;87,32;103,0;24568;64833
Viral Pneumonia-1160.png;299;299;36,32;58,57;100,0;26302;63099
Viral Pneumonia-1161.png;299;299;29,86;75,54;81,0;42395;47006
Viral Pneumonia-1162.png;299;299;39,56;62,47;110,0;27100;62301
Viral Pneumonia-1163.png;299;299;34,57;76,77;98,0;26745;62656
Viral Pneumonia-1164.png;299;299;34,44;75,81;108,0;24804;64597
Viral Pneumonia-1165.png;299;299;33,9;68,62;90,0;25539;63862
Viral Pneumonia-1166.png;299;299;37,5;68,97;93,0;27711;61690
Viral Pneumonia-1167.png;299;299;35,33;54,09;73,0;39780;49621
Viral Pneumonia-1168.png;299;299;32,3;71,95;86,0;32452;56949
Viral Pneumonia-1169.png;299;299;36,57;63,52;99,0;27062;62339
Viral Pneumonia-117.png;299;299;38,46;60,21;113,0;29965;59436
Viral Pneumonia-1170.png;299;299;39,09;64,34;109,0;24578;64823
Viral Pneumonia-1171.png;299;299;38,92;42,25;84,0;46374;43027
Viral Pneumonia-1172.png;299;299;32,67;69,02;84,0;38568;50833
Viral Pneumonia-1173.png;299;299;37,49;55,86;96,0;22891;66510
Viral Pneumonia-1174.png;299;299;31,23;72,3;87,0;27950;61451
Viral Pneumonia-1175.png;299;299;34,32;66,93;92,0;24737;64664
Viral Pneumonia-1176.png;299;299;34,97;70,17;87,0;30386;59015
Viral Pneumonia-1177.png;299;299;34,47;74,57;91,0;29624;59777
Viral Pneumonia-1178.png;299;299;36,58;66,35;106,0;29494;59907
Viral Pneumonia-1179.png;299;299;34,99;65,84;121,0;21358;68043
Viral Pneumonia-118.png;299;299;38,46;60,21;113,0;29965;59436
Viral Pneumonia-1180.png;299;299;40,27;48,89;122,0;31126;58275
Viral Pneumonia-1181.png;299;299;37,86;67,43;105,0;28564;60837
Viral Pneumonia-1182.png;299;299;38,65;42,16;81,0;49375;40026
Viral Pneumonia-1183.png;299;299;35,18;62,45;99,0;20882;68519
Viral Pneumonia-1184.png;299;299;33,77;68,68;100,0;23472;65929
Viral Pneumonia-1185.png;299;299;38,46;59,39;107,0;28604;60797
Viral Pneumonia-1186.png;299;299;36,99;67,23;98,0;28169;61232
Viral Pneumonia-1187.png;299;299;37,92;57,45;126,0;20935;68466
Viral Pneumonia-1188.png;299;299;36,64;60,82;95,0;23161;66240
Viral Pneumonia-1189.png;299;299;34,03;63,82;83,0;26848;62553
Viral Pneumonia-119.png;299;299;34,25;61,35;81,0;42811;46590
Viral Pneumonia-1190.png;299;299;36,15;65,58;99,0;25547;63854
Viral Pneumonia-1191.png;299;299;35,95;58,8;85,0;25587;63814
Viral Pneumonia-1192.png;299;299;37,84;53,9;83,0;35945;53456
Viral Pneumonia-1193.png;299;299;35,8;71,56;111,0;24340;65061
Viral Pneumonia-1194.png;299;299;36,41;70,13;95,0;26620;62781
Viral Pneumonia-1195.png;299;299;37,47;62,93;129,0;23174;66227
Viral Pneumonia-1196.png;299;299;37,48;67,58;113,0;23361;66040
Viral Pneumonia-1197.png;299;299;29,29;68,07;75,0;38817;50584
Viral Pneumonia-1198.png;299;299;32,77;66,29;81,0;24999;64402
Viral Pneumonia-1199.png;299;299;37,1;61,33;103,0;23133;66268
Viral Pneumonia-12.png;299;299;37,66;26,53;72,0;60243;29158
Viral Pneumonia-120.png;299;299;38,02;61,21;103,0;23495;65906
Viral Pneumonia-1200.png;299;299;42,44;57,31;132,0;25702;63699
Viral Pneumonia-1201.png;299;299;42,09;59,48;146,0;27827;61574
Viral Pneumonia-1202.png;299;299;37,79;61,8;89,0;28446;60955
Viral Pneumonia-1203.png;299;299;35,3;44,33;113,0;31174;58227
Viral Pneumonia-1204.png;299;299;37,31;56,8;86,0;31728;57673
Viral Pneumonia-1205.png;299;299;37,69;53,2;110,0;36593;52808
Viral Pneumonia-1206.png;299;299;40,91;45,81;97,0;52221;37180
Viral Pneumonia-1207.png;299;299;36,58;59,49;101,0;29071;60330
Viral Pneumonia-1208.png;299;299;38,39;48,96;102,0;39205;50196
Viral Pneumonia-1209.png;299;299;36,35;53,84;108,0;31300;58101
Viral Pneumonia-121.png;299;299;39,15;49,63;117,0;22947;66454
Viral Pneumonia-1210.png;299;299;37,91;55,99;119,0;22214;67187
Viral Pneumonia-1211.png;299;299;34,18;48,92;105,0;28436;60965
Viral Pneumonia-1212.png;299;299;37,28;53,58;117,0;31042;58359
Viral Pneumonia-1213.png;299;299;33,13;48,5;95,0;31860;57541
Viral Pneumonia-1214.png;299;299;33,54;51,01;95,0;40960;48441
Viral Pneumonia-1215.png;299;299;35,68;46,82;93,0;33222;56179
Viral Pneumonia-1216.png;299;299;38,87;66,26;99,0;37654;51747
Viral Pneumonia-1217.png;299;299;37,44;52,26;103,0;45194;44207
Viral Pneumonia-1218.png;299;299;38,67;51,91;113,0;42234;47167
Viral Pneumonia-1219.png;299;299;35,8;57,1;109,0;31029;58372
Viral Pneumonia-122.png;299;299;38,41;63,56;107,0;29275;60126
Viral Pneumonia-1220.png;299;299;38,45;45,28;114,0;45363;44038
Viral Pneumonia-1221.png;299;299;39,23;60,63;96,0;32804;56597
Viral Pneumonia-1222.png;299;299;36,88;55,58;115,0;29158;60243
Viral Pneumonia-1223.png;299;299;39,92;51,67;111,0;48335;41066
Viral Pneumonia-1224.png;299;299;43,37;61,31;101,0;46949;42452
Viral Pneumonia-1225.png;299;299;44,77;60,45;98,0;45028;44373
Viral Pneumonia-1226.png;299;299;34,52;53,54;114,0;31851;57550
Viral Pneumonia-1227.png;299;299;39,77;57,03;106,0;40024;49377
Viral Pneumonia-1228.png;299;299;38,07;47,38;114,0;44587;44814
Viral Pneumonia-1229.png;299;299;36,64;59,72;107,0;34319;55082
Viral Pneumonia-123.png;299;299;38,57;66,07;106,0;25060;64341
Viral Pneumonia-1230.png;299;299;39,04;55,89;104,0;35838;53563
Viral Pneumonia-1231.png;299;299;35,39;58,51;111,0;31163;58238
Viral Pneumonia-1232.png;299;299;36,7;60,02;103,0;41727;47674
Viral Pneumonia-1233.png;299;299;40,76;63,56;124,0;40133;49268
Viral Pneumonia-1234.png;299;299;36,61;56,49;103,0;30030;59371
Viral Pneumonia-1235.png;299;299;38,32;45,9;84,0;29566;59835
Viral Pneumonia-1236.png;299;299;42,53;61,78;119,0;36843;52558
Viral Pneumonia-1237.png;299;299;42,43;58,02;100,0;37490;51911
Viral Pneumonia-1238.png;299;299;38,51;42,72;137,0;28323;61078
Viral Pneumonia-1239.png;299;299;36,82;41,41;87,0;44968;44433
Viral Pneumonia-124.png;299;299;36,31;58,78;92,0;25753;63648
Viral Pneumonia-1240.png;299;299;36,29;46,76;107,0;67236;22165
Viral Pneumonia-1241.png;299;299;34,02;50,97;126,0;44047;45354
Viral Pneumonia-1242.png;299;299;38,79;45,18;97,0;39197;50204
Viral Pneumonia-1243.png;299;299;36,04;49,42;124,0;28506;60895
Viral Pneumonia-1244.png;299;299;41,32;53,86;113,0;32474;56927
Viral Pneumonia-1245.png;299;299;36,5;48,8;78,0;24039;65362
Viral Pneumonia-1246.png;299;299;42,4;66,25;114,0;42763;46638
Viral Pneumonia-1247.png;299;299;40,07;58,22;109,0;30429;58972
Viral Pneumonia-1248.png;299;299;42,35;58,84;116,0;36772;52629
Viral Pneumonia-1249.png;299;299;37,39;41,35;114,0;41192;48209
Viral Pneumonia-125.png;299;299;35,49;65,23;106,0;28248;61153
Viral Pneumonia-1250.png;299;299;35,17;44,84;100,0;37978;51423
Viral Pneumonia-1251.png;299;299;34,6;47,22;103,0;31856;57545
Viral Pneumonia-1252.png;299;299;36,35;43,48;116,0;32549;56852
Viral Pneumonia-1253.png;299;299;38,12;40,8;107,0;39278;50123
Viral Pneumonia-1254.png;299;299;42,33;59,33;104,0;32729;56672
Viral Pneumonia-1255.png;299;299;38,29;44,54;116,0;39207;50194
Viral Pneumonia-1256.png;299;299;39,16;46,35;108,0;39705;49696
Viral Pneumonia-1257.png;299;299;37,0;49,47;108,0;33361;56040
Viral Pneumonia-1258.png;299;299;36,52;49,52;110,0;40627;48774
Viral Pneumonia-1259.png;299;299;37,63;35,2;88,0;61674;27727
Viral Pneumonia-126.png;299;299;34,59;37,25;125,0;39301;50100
Viral Pneumonia-1260.png;299;299;37,84;50,3;125,0;33140;56261
Viral Pneumonia-1261.png;299;299;38,67;50,19;125,0;32705;56696
Viral Pneumonia-1262.png;299;299;40,56;54,21;115,0;30603;58798
Viral Pneumonia-1263.png;299;299;39,51;55,85;102,0;32626;56775
Viral Pneumonia-1264.png;299;299;41,57;52,79;106,0;30817;58584
Viral Pneumonia-1265.png;299;299;37,14;41,86;105,0;49046;40355
Viral Pneumonia-1266.png;299;299;36,95;40,2;136,0;20523;68878
Viral Pneumonia-1267.png;299;299;38,86;56,93;117,0;26452;62949
Viral Pneumonia-1268.png;299;299;34,31;55,01;111,0;17995;71406
Viral Pneumonia-1269.png;299;299;35,65;48,13;98,0;30336;59065
Viral Pneumonia-127.png;299;299;37,08;54,12;100,0;27042;62359
Viral Pneumonia-1270.png;299;299;36,45;35,02;131,0;37982;51419
Viral Pneumonia-1271.png;299;299;40,84;57,21;101,0;36027;53374
Viral Pneumonia-1272.png;299;299;41,46;46,27;134,0;28695;60706
Viral Pneumonia-1273.png;299;299;37,65;76,5;119,0;25629;63772
Viral Pneumonia-1274.png;299;299;39,07;66,17;108,0;35242;54159
Viral Pneumonia-1275.png;299;299;39,29;71,45;104,0;23284;66117
Viral Pneumonia-1276.png;299;299;39,73;57,49;114,0;24494;64907
Viral Pneumonia-1277.png;299;299;38,07;61,46;118,0;31425;57976
Viral Pneumonia-1278.png;299;299;40,05;70,42;121,0;24857;64544
Viral Pneumonia-1279.png;299;299;39,28;61,32;113,0;25496;63905
Viral Pneumonia-128.png;299;299;36,77;63,91;114,0;25927;63474
Viral Pneumonia-1280.png;299;299;38,37;80,66;106,0;31842;57559
Viral Pneumonia-1281.png;299;299;36,71;28,02;162,0;9150;80251
Viral Pneumonia-1282.png;299;299;38,12;66,94;108,0;30232;59169
Viral Pneumonia-1283.png;299;299;38,46;72,61;109,0;31981;57420
Viral Pneumonia-1284.png;299;299;39,75;68,85;131,0;32310;57091
Viral Pneumonia-1285.png;299;299;37,5;72,51;105,0;26064;63337
Viral Pneumonia-1286.png;299;299;41,92;57,29;122,0;37369;52032
Viral Pneumonia-1287.png;299;299;38,88;71,65;109,0;23297;66104
Viral Pneumonia-1288.png;299;299;39,62;71,83;119,0;32240;57161
Viral Pneumonia-1289.png;299;299;34,92;77,24;107,0;31792;57609
Viral Pneumonia-129.png;299;299;37,3;63,32;91,0;29030;60371
Viral Pneumonia-1290.png;299;299;37,19;75,83;101,0;33133;56268
Viral Pneumonia-1291.png;299;299;37,65;76,22;111,0;23696;65705
Viral Pneumonia-1292.png;299;299;40,5;42,04;109,0;41595;47806
Viral Pneumonia-1293.png;299;299;39,02;69,6;109,0;33033;56368
Viral Pneumonia-1294.png;299;299;37,16;71,57;110,0;28481;60920
Viral Pneumonia-1295.png;299;299;38,5;62,93;99,0;34528;54873
Viral Pneumonia-1296.png;299;299;36,28;63,59;102,0;18604;70797
Viral Pneumonia-1297.png;299;299;35,88;78,29;102,0;33655;55746
Viral Pneumonia-1298.png;299;299;38,39;64,25;117,0;25839;63562
Viral Pneumonia-1299.png;299;299;34,18;68,18;95,0;36412;52989
Viral Pneumonia-13.png;299;299;35,52;55,94;126,0;35050;54351
Viral Pneumonia-130.png;299;299;40,74;58,94;107,0;26766;62635
Viral Pneumonia-1300.png;299;299;38,99;68,2;100,0;24742;64659
Viral Pneumonia-1301.png;299;299;38,55;70,82;106,0;25954;63447
Viral Pneumonia-1302.png;299;299;36,28;79,82;113,0;32304;57097
Viral Pneumonia-1303.png;299;299;38,22;74,31;111,0;24898;64503
Viral Pneumonia-1304.png;299;299;35,96;67,51;100,0;25217;64184
Viral Pneumonia-1305.png;299;299;42,03;57,21;137,0;31755;57646
Viral Pneumonia-1306.png;299;299;37,23;70,47;116,0;37385;52016
Viral Pneumonia-1307.png;299;299;34,71;75,06;97,0;32216;57185
Viral Pneumonia-1308.png;299;299;38,93;62,89;124,0;15276;74125
Viral Pneumonia-1309.png;299;299;36,52;78,34;109,0;31306;58095
Viral Pneumonia-131.png;299;299;32,18;74,91;92,0;24350;65051
Viral Pneumonia-1310.png;299;299;37,54;66,83;114,0;22998;66403
Viral Pneumonia-1311.png;299;299;34,25;72,04;94,0;32144;57257
Viral Pneumonia-1312.png;299;299;38,49;72,01;103,0;32784;56617
Viral Pneumonia-1313.png;299;299;37,09;65,39;110,0;33079;56322
Viral Pneumonia-1314.png;299;299;37,44;58,65;95,0;31109;58292
Viral Pneumonia-1315.png;299;299;35,5;76,83;99,0;34024;55377
Viral Pneumonia-1316.png;299;299;38,28;61,96;113,0;10831;78570
Viral Pneumonia-1317.png;299;299;34,73;76,95;96,0;26810;62591
Viral Pneumonia-1318.png;299;299;38,24;70,26;117,0;35205;54196
Viral Pneumonia-1319.png;299;299;39,96;60,76;116,0;36350;53051
Viral Pneumonia-132.png;299;299;34,06;75,0;94,0;24899;64502
Viral Pneumonia-1320.png;299;299;38,26;62,75;103,0;24559;64842
Viral Pneumonia-1321.png;299;299;37,95;57,17;103,0;32024;57377
Viral Pneumonia-1322.png;299;299;41,01;62,34;124,0;27666;61735
Viral Pneumonia-1323.png;299;299;41,2;56,08;126,0;34173;55228
Viral Pneumonia-1324.png;299;299;36,11;59,83;95,0;23085;66316
Viral Pneumonia-1325.png;299;299;34,33;68,66;86,0;29055;60346
Viral Pneumonia-1326.png;299;299;37,77;68,64;117,0;31785;57616
Viral Pneumonia-1327.png;299;299;40,22;59,55;129,0;16830;72571
Viral Pneumonia-1328.png;299;299;37,09;60,35;97,0;27484;61917
Viral Pneumonia-1329.png;299;299;39,58;65,77;108,0;37684;51717
Viral Pneumonia-133.png;299;299;38,49;59,1;106,0;26019;63382
Viral Pneumonia-1330.png;299;299;39,26;67,58;119,0;18685;70716
Viral Pneumonia-1331.png;299;299;38,57;66,81;118,0;30845;58556
Viral Pneumonia-1332.png;299;299;39,08;60,88;100,0;39848;49553
Viral Pneumonia-1333.png;299;299;41,29;58,68;134,0;33298;56103
Viral Pneumonia-1334.png;299;299;38,56;69,27;110,0;28040;61361
Viral Pneumonia-1335.png;299;299;38,2;75,64;109,0;32620;56781
Viral Pneumonia-1336.png;299;299;37,6;71,49;119,0;24557;64844
Viral Pneumonia-1337.png;299;299;40,22;65,55;111,0;39569;49832
Viral Pneumonia-1338.png;299;299;39,66;66,59;114,0;33822;55579
Viral Pneumonia-1339.png;299;299;37,66;68,44;109,0;28095;61306
Viral Pneumonia-134.png;299;299;39,3;58,06;118,0;21668;67733
Viral Pneumonia-1340.png;299;299;38,43;53,19;121,0;20735;68666
Viral Pneumonia-1341.png;299;299;38,41;79,48;114,0;27564;61837
Viral Pneumonia-1342.png;299;299;37,62;62,31;114,0;32137;57264
Viral Pneumonia-1343.png;299;299;32,49;69,54;84,0;41227;48174
Viral Pneumonia-1344.png;299;299;35,1;79,74;108,0;27581;61820
Viral Pneumonia-1345.png;299;299;35,65;74,13;103,0;27482;61919
Viral Pneumonia-135.png;299;299;38,04;70,75;99,0;20903;68498
Viral Pneumonia-136.png;299;299;37,07;62,78;100,0;31761;57640
Viral Pneumonia-137.png;299;299;33,38;40,23;109,0;59382;30019
Viral Pneumonia-138.png;299;299;41,18;59,88;103,0;33960;55441
Viral Pneumonia-139.png;299;299;36,41;61,7;79,0;34605;54796
Viral Pneumonia-14.png;299;299;37,63;52,42;112,0;44718;44683
Viral Pneumonia-140.png;299;299;51,41;36,45;119,0;29044;60357
Viral Pneumonia-141.png;299;299;42,15;58,18;105,0;33359;56042
Viral Pneumonia-142.png;299;299;44,49;31,84;81,0;60379;29022
Viral Pneumonia-143.png;299;299;39,51;48,98;118,0;31747;57654
Viral Pneumonia-144.png;299;299;38,16;50,13;93,0;61664;27737
Viral Pneumonia-145.png;299;299;36,61;54,69;115,0;26418;62983
Viral Pneumonia-146.png;299;299;37,49;40,53;86,0;54028;35373
Viral Pneumonia-147.png;299;299;36,3;56,98;124,0;30761;58640
Viral Pneumonia-148.png;299;299;41,65;62,04;112,0;39442;49959
Viral Pneumonia-149.png;299;299;43,55;53,39;104,0;30801;58600
Viral Pneumonia-15.png;299;299;38,86;36,52;94,0;66924;22477
Viral Pneumonia-150.png;299;299;50,64;41,67;117,0;39121;50280
Viral Pneumonia-151.png;299;299;44,52;32,26;155,0;30694;58707
Viral Pneumonia-152.png;299;299;43,62;60,54;121,0;38387;51014
Viral Pneumonia-153.png;299;299;42,19;59,15;117,0;35490;53911
Viral Pneumonia-154.png;299;299;40,2;51,53;96,0;35965;53436
Viral Pneumonia-155.png;299;299;35,31;55,33;116,0;15941;73460
Viral Pneumonia-156.png;299;299;40,53;53,89;93,0;37688;51713
Viral Pneumonia-157.png;299;299;36,15;43,96;105,0;68345;21056
Viral Pneumonia-158.png;299;299;44,44;46,67;118,0;32464;56937
Viral Pneumonia-159.png;299;299;37,55;41,74;96,0;66035;23366
Viral Pneumonia-16.png;299;299;43,09;55,85;118,0;39583;49818
Viral Pneumonia-160.png;299;299;40,31;53,16;132,0;45469;43932
Viral Pneumonia-161.png;299;299;37,23;47,72;119,0;34520;54881
Viral Pneumonia-162.png;299;299;36,14;43,2;119,0;14411;74990
Viral Pneumonia-163.png;299;299;39,0;49,85;107,0;62314;27087
Viral Pneumonia-164.png;299;299;55,54;37,53;95,0;49727;39674
Viral Pneumonia-165.png;299;299;36,26;31,4;81,0;52552;36849
Viral Pneumonia-166.png;299;299;43,28;73,47;117,0;31014;58387
Viral Pneumonia-167.png;299;299;37,56;40,9;86,0;48867;40534
Viral Pneumonia-168.png;299;299;34,56;50,4;99,0;37277;52124
Viral Pneumonia-169.png;299;299;41,22;59,05;108,0;40092;49309
Viral Pneumonia-17.png;299;299;39,67;51,16;117,0;56775;32626
Viral Pneumonia-170.png;299;299;46,53;36,87;142,0;38025;51376
Viral Pneumonia-171.png;299;299;36,81;51,26;81,0;28325;61076
Viral Pneumonia-172.png;299;299;37,82;54,22;120,0;21731;67670
Viral Pneumonia-173.png;299;299;37,25;47,22;124,0;42077;47324
Viral Pneumonia-174.png;299;299;41,59;56,95;119,0;43808;45593
Viral Pneumonia-175.png;299;299;38,32;78,2;113,0;45835;43566
Viral Pneumonia-176.png;299;299;37,85;68,4;107,0;33558;55843
Viral Pneumonia-177.png;299;299;40,35;63,41;93,0;32402;56999
Viral Pneumonia-178.png;299;299;39,32;64,44;103,0;24305;65096
Viral Pneumonia-179.png;299;299;36,13;60,33;110,0;26386;63015
Viral Pneumonia-18.png;299;299;39,04;49,91;110,0;54614;34787
Viral Pneumonia-180.png;299;299;37,24;63,67;94,0;27935;61466
Viral Pneumonia-181.png;299;299;51,73;44,29;92,0;10357;79044
Viral Pneumonia-182.png;299;299;34,32;72,54;94,0;20794;68607
Viral Pneumonia-183.png;299;299;35,46;76,29;95,0;26898;62503
Viral Pneumonia-184.png;299;299;46,01;49,89;113,0;25066;64335
Viral Pneumonia-185.png;299;299;34,7;59,36;115,0;22250;67151
Viral Pneumonia-186.png;299;299;38,09;46,1;119,0;31711;57690
Viral Pneumonia-187.png;299;299;34,62;76,34;96,0;26483;62918
Viral Pneumonia-188.png;299;299;35,77;65,1;102,0;24417;64984
Viral Pneumonia-189.png;299;299;39,6;60,79;103,0;30013;59388
Viral Pneumonia-19.png;299;299;34,09;38,6;124,0;13243;76158
Viral Pneumonia-190.png;299;299;40,53;58,46;119,0;25894;63507
Viral Pneumonia-191.png;299;299;50,58;45,1;108,0;25966;63435
Viral Pneumonia-192.png;299;299;37,75;55,01;93,0;17680;71721
Viral Pneumonia-193.png;299;299;37,41;70,19;96,0;20517;68884
Viral Pneumonia-194.png;299;299;31,54;67,46;97,0;23170;66231
Viral Pneumonia-195.png;299;299;32,17;71,82;94,0;24053;65348
Viral Pneumonia-196.png;299;299;61,99;44,3;126,0;26794;62607
Viral Pneumonia-197.png;299;299;38,03;63,36;113,0;21791;67610
Viral Pneumonia-198.png;299;299;40,58;57,87;108,0;27458;61943
Viral Pneumonia-199.png;299;299;36,74;72,98;111,0;23134;66267
Viral Pneumonia-2.png;299;299;36,83;71,94;96,0;24732;64669
Viral Pneumonia-20.png;299;299;37,24;43,18;118,0;32919;56482
Viral Pneumonia-200.png;299;299;38,3;61,35;107,0;26560;62841
Viral Pneumonia-201.png;299;299;40,35;45,52;105,0;9512;79889
Viral Pneumonia-202.png;299;299;39,83;47,68;96,0;11748;77653
Viral Pneumonia-203.png;299;299;43,2;42,16;75,0;16324;73077
Viral Pneumonia-204.png;299;299;46,57;43,25;101,0;13547;75854
Viral Pneumonia-205.png;299;299;53,12;56,2;94,0;24490;64911
Viral Pneumonia-206.png;299;299;38,93;52,11;106,0;27980;61421
Viral Pneumonia-207.png;299;299;37,88;52,99;112,0;23590;65811
Viral Pneumonia-208.png;299;299;50,94;55,19;104,0;29082;60319
Viral Pneumonia-209.png;299;299;38,82;60,55;99,0;24600;64801
Viral Pneumonia-21.png;299;299;41,14;56,67;96,0;33373;56028
Viral Pneumonia-210.png;299;299;37,33;51,63;114,0;28358;61043
Viral Pneumonia-211.png;299;299;36,6;64,51;99,0;27035;62366
Viral Pneumonia-212.png;299;299;37,03;50,34;116,0;15141;74260
Viral Pneumonia-213.png;299;299;35,11;70,37;106,0;21246;68155
Viral Pneumonia-214.png;299;299;39,24;62,68;101,0;23604;65797
Viral Pneumonia-215.png;299;299;35,16;59,66;85,0;38241;51160
Viral Pneumonia-216.png;299;299;40,56;57,39;115,0;28484;60917
Viral Pneumonia-217.png;299;299;39,04;61,56;109,0;29738;59663
Viral Pneumonia-218.png;299;299;37,29;65,35;100,0;24229;65172
Viral Pneumonia-219.png;299;299;35,63;73,57;95,0;27538;61863
Viral Pneumonia-22.png;299;299;39,64;60,42;97,0;32496;56905
Viral Pneumonia-220.png;299;299;54,08;50,17;111,0;32308;57093
Viral Pneumonia-221.png;299;299;37,35;60,13;99,0;34094;55307
Viral Pneumonia-222.png;299;299;45,1;31,32;149,0;15148;74253
Viral Pneumonia-223.png;299;299;39,38;64,01;117,0;26006;63395
Viral Pneumonia-224.png;299;299;36,88;59,03;98,0;21950;67451
Viral Pneumonia-225.png;299;299;38,8;69,54;108,0;22539;66862
Viral Pneumonia-226.png;299;299;64,89;47,76;116,0;33909;55492
Viral Pneumonia-227.png;299;299;54,72;45,23;126,0;25374;64027
Viral Pneumonia-228.png;299;299;58,15;47,89;97,0;21758;67643
Viral Pneumonia-229.png;299;299;35,15;63,8;90,0;29956;59445
Viral Pneumonia-23.png;299;299;33,14;51,24;107,0;14880;74521
Viral Pneumonia-230.png;299;299;36,38;69,89;101,0;26620;62781
Viral Pneumonia-231.png;299;299;36,99;63,33;102,0;18839;70562
Viral Pneumonia-232.png;299;299;37,63;70,56;105,0;19979;69422
Viral Pneumonia-233.png;299;299;35,54;68,08;97,0;21792;67609
Viral Pneumonia-234.png;299;299;56,94;51,1;97,0;10831;78570
Viral Pneumonia-235.png;299;299;39,0;56,04;100,0;28423;60978
Viral Pneumonia-236.png;299;299;38,89;51,51;111,0;34410;54991
Viral Pneumonia-237.png;299;299;37,39;46,13;78,0;55213;34188
Viral Pneumonia-238.png;299;299;38,86;58,71;112,0;32533;56868
Viral Pneumonia-239.png;299;299;38,33;47,12;109,0;16312;73089
Viral Pneumonia-24.png;299;299;35,04;50,0;106,0;14608;74793
Viral Pneumonia-240.png;299;299;35,84;64,25;99,0;30080;59321
Viral Pneumonia-241.png;299;299;37,07;63,94;100,0;22534;66867
Viral Pneumonia-242.png;299;299;38,51;65,82;111,0;28183;61218
Viral Pneumonia-243.png;299;299;33,42;71,19;107,0;29275;60126
Viral Pneumonia-244.png;299;299;37,72;66,0;94,0;38645;50756
Viral Pneumonia-245.png;299;299;41,18;60,8;100,0;28695;60706
Viral Pneumonia-246.png;299;299;34,92;51,7;99,0;18841;70560
Viral Pneumonia-247.png;299;299;49,21;42,42;105,0;27225;62176
Viral Pneumonia-248.png;299;299;39,01;56,93;94,0;33098;56303
Viral Pneumonia-249.png;299;299;35,83;69,41;96,0;27306;62095
Viral Pneumonia-25.png;299;299;38,54;46,05;93,0;53579;35822
Viral Pneumonia-250.png;299;299;35,83;69,41;96,0;27306;62095
Viral Pneumonia-251.png;299;299;37,29;62,29;116,0;28364;61037
Viral Pneumonia-252.png;299;299;35,65;73,17;96,0;29541;59860
Viral Pneumonia-253.png;299;299;37,06;64,47;109,0;27953;61448
Viral Pneumonia-254.png;299;299;36,16;55,82;126,0;16439;72962
Viral Pneumonia-255.png;299;299;33,31;68,51;87,0;36510;52891
Viral Pneumonia-256.png;299;299;36,77;65,54;101,0;31512;57889
Viral Pneumonia-257.png;299;299;35,46;64,97;91,0;23296;66105
Viral Pneumonia-258.png;299;299;40,05;55,49;115,0;33131;56270
Viral Pneumonia-259.png;299;299;51,98;67,25;119,0;25446;63955
Viral Pneumonia-26.png;299;299;35,83;53,0;120,0;25107;64294
Viral Pneumonia-260.png;299;299;35,15;76,31;103,0;33405;55996
Viral Pneumonia-261.png;299;299;40,05;61,58;110,0;29912;59489
Viral Pneumonia-262.png;299;299;39,83;59,88;112,0;27887;61514
Viral Pneumonia-263.png;299;299;35,48;77,26;100,0;28625;60776
Viral Pneumonia-264.png;299;299;36,88;67,87;94,0;28933;60468
Viral Pneumonia-265.png;299;299;37,89;48,35;107,0;8300;81101
Viral Pneumonia-266.png;299;299;34,99;68,98;95,0;21378;68023
Viral Pneumonia-267.png;299;299;39,22;58,79;90,0;21141;68260
Viral Pneumonia-268.png;299;299;39,01;48,03;128,0;18981;70420
Viral Pneumonia-269.png;299;299;41,85;64,18;121,0;28387;61014
Viral Pneumonia-27.png;299;299;38,57;53,17;107,0;44923;44478
Viral Pneumonia-270.png;299;299;34,26;74,1;95,0;25023;64378
Viral Pneumonia-271.png;299;299;35,33;72,07;101,0;28665;60736
Viral Pneumonia-272.png;299;299;38,24;59,26;103,0;20184;69217
Viral Pneumonia-273.png;299;299;37,81;64,92;103,0;24008;65393
Viral Pneumonia-274.png;299;299;36,31;66,8;92,0;28346;61055
Viral Pneumonia-275.png;299;299;36,16;73,48;95,0;25477;63924
Viral Pneumonia-276.png;299;299;37,66;68,21;122,0;30326;59075
Viral Pneumonia-277.png;299;299;37,62;60,73;102,0;25115;64286
Viral Pneumonia-278.png;299;299;37,58;50,61;120,0;19921;69480
Viral Pneumonia-279.png;299;299;37,83;68,25;100,0;25083;64318
Viral Pneumonia-28.png;299;299;38,86;61,76;106,0;36863;52538
Viral Pneumonia-280.png;299;299;39,62;60,1;132,0;27153;62248
Viral Pneumonia-281.png;299;299;36,49;60,97;83,0;27700;61701
Viral Pneumonia-282.png;299;299;62,29;41,93;108,0;10850;78551
Viral Pneumonia-283.png;299;299;36,56;57,24;103,0;25456;63945
Viral Pneumonia-284.png;299;299;36,41;72,39;102,0;21437;67964
Viral Pneumonia-285.png;299;299;34,41;67,54;91,0;28375;61026
Viral Pneumonia-286.png;299;299;39,7;60,29;113,0;19941;69460
Viral Pneumonia-287.png;299;299;36,4;71,5;108,0;28722;60679
Viral Pneumonia-288.png;299;299;37,74;65,56;101,0;25994;63407
Viral Pneumonia-289.png;299;299;35,85;57,79;88,0;29028;60373
Viral Pneumonia-29.png;299;299;38,61;49,52;109,0;47666;41735
Viral Pneumonia-290.png;299;299;39,1;60,42;92,0;37864;51537
Viral Pneumonia-291.png;299;299;35,44;72,67;101,0;27254;62147
Viral Pneumonia-292.png;299;299;34,05;78,72;105,0;28512;60889
Viral Pneumonia-293.png;299;299;35,19;78,34;101,0;28226;61175
Viral Pneumonia-294.png;299;299;38,81;52,35;93,0;42271;47130
Viral Pneumonia-295.png;299;299;38,81;52,35;93,0;42271;47130
Viral Pneumonia-296.png;299;299;39,05;43,94;131,0;32695;56706
Viral Pneumonia-297.png;299;299;35,63;45,59;114,0;21906;67495
Viral Pneumonia-298.png;299;299;51,48;40,3;121,0;33788;55613
Viral Pneumonia-299.png;299;299;34,45;73,79;99,0;24911;64490
Viral Pneumonia-3.png;299;299;37,68;67,88;101,0;27920;61481
Viral Pneumonia-30.png;299;299;39,46;54,85;112,0;23852;65549
Viral Pneumonia-300.png;299;299;42,95;40,11;83,0;10101;79300
Viral Pneumonia-301.png;299;299;48,67;40,96;96,0;19205;70196
Viral Pneumonia-302.png;299;299;49,83;33,53;143,0;44532;44869
Viral Pneumonia-303.png;299;299;39,83;61,73;104,0;34500;54901
Viral Pneumonia-304.png;299;299;37,48;49,11;118,0;35872;53529
Viral Pneumonia-305.png;299;299;36,98;53,79;126,0;37585;51816
Viral Pneumonia-306.png;299;299;37,69;50,4;113,0;21039;68362
Viral Pneumonia-307.png;299;299;36,62;51,78;113,0;40482;48919
Viral Pneumonia-308.png;299;299;37,48;61,95;102,0;29300;60101
Viral Pneumonia-309.png;299;299;50,55;54,72;114,0;34628;54773
Viral Pneumonia-31.png;299;299;39,32;53,18;98,0;65812;23589
Viral Pneumonia-310.png;299;299;35,86;37,18;90,0;63986;25415
Viral Pneumonia-311.png;299;299;40,42;56,22;109,0;26361;63040
Viral Pneumonia-312.png;299;299;39,06;50,93;79,0;40159;49242
Viral Pneumonia-313.png;299;299;44,56;59,9;104,0;42614;46787
Viral Pneumonia-314.png;299;299;39,04;51,54;119,0;51574;37827
Viral Pneumonia-315.png;299;299;35,95;47,41;111,0;46794;42607
Viral Pneumonia-316.png;299;299;33,37;49,05;118,0;31641;57760
Viral Pneumonia-317.png;299;299;36,65;48,18;117,0;38715;50686
Viral Pneumonia-318.png;299;299;46,51;51,69;108,0;15598;73803
Viral Pneumonia-319.png;299;299;47,47;37,78;141,0;43190;46211
Viral Pneumonia-32.png;299;299;38,83;63,89;98,0;34969;54432
Viral Pneumonia-320.png;299;299;44,6;45,26;98,0;11883;77518
Viral Pneumonia-321.png;299;299;40,31;64,43;119,0;31087;58314
Viral Pneumonia-322.png;299;299;33,3;39,08;133,0;24342;65059
Viral Pneumonia-323.png;299;299;49,65;43,16;114,0;47641;41760
Viral Pneumonia-324.png;299;299;39,91;53,12;98,0;29180;60221
Viral Pneumonia-325.png;299;299;41,43;54,61;124,0;27794;61607
Viral Pneumonia-326.png;299;299;34,16;72,86;100,0;32334;57067
Viral Pneumonia-327.png;299;299;59,84;36,12;89,0;51268;38133
Viral Pneumonia-328.png;299;299;39,94;60,34;116,0;32515;56886
Viral Pneumonia-329.png;299;299;40,18;57,19;106,0;28097;61304
Viral Pneumonia-33.png;299;299;36,21;57,76;109,0;24931;64470
Viral Pneumonia-330.png;299;299;59,07;47,4;119,0;40605;48796
Viral Pneumonia-331.png;299;299;40,2;50,62;112,0;36109;53292
Viral Pneumonia-332.png;299;299;58,45;41,5;139,0;28380;61021
Viral Pneumonia-333.png;299;299;39,29;60,8;108,0;36408;52993
Viral Pneumonia-334.png;299;299;36,21;46,49;70,0;28948;60453
Viral Pneumonia-335.png;299;299;63,56;61,81;131,0;35595;53806
Viral Pneumonia-336.png;299;299;34,27;68,19;88,0;39619;49782
Viral Pneumonia-337.png;299;299;35,57;35,59;100,0;40174;49227
Viral Pneumonia-338.png;299;299;37,7;49,45;100,0;39270;50131
Viral Pneumonia-339.png;299;299;37,47;41,09;95,0;56615;32786
Viral Pneumonia-34.png;299;299;43,32;60,53;94,0;43089;46312
Viral Pneumonia-340.png;299;299;36,29;46,66;70,0;23964;65437
Viral Pneumonia-341.png;299;299;34,33;43,27;122,0;47501;41900
Viral Pneumonia-342.png;299;299;35,62;44,31;106,0;54764;34637
Viral Pneumonia-343.png;299;299;53,19;34,85;119,0;36607;52794
Viral Pneumonia-344.png;299;299;35,83;51,28;106,0;29581;59820
Viral Pneumonia-345.png;299;299;35,22;39,86;83,0;36765;52636
Viral Pneumonia-346.png;299;299;34,19;46,08;116,0;29022;60379
Viral Pneumonia-347.png;299;299;33,85;49,12;109,0;39369;50032
Viral Pneumonia-348.png;299;299;35,21;38,85;102,0;44490;44911
Viral Pneumonia-349.png;299;299;34,1;43,44;107,0;45534;43867
Viral Pneumonia-35.png;299;299;37,03;63,67;117,0;17073;72328
Viral Pneumonia-350.png;299;299;34,08;49,68;107,0;30892;58509
Viral Pneumonia-351.png;299;299;35,98;44,06;86,0;47244;42157
Viral Pneumonia-352.png;299;299;34,49;45,67;112,0;37375;52026
Viral Pneumonia-353.png;299;299;54,2;34,21;113,0;35690;53711
Viral Pneumonia-354.png;299;299;36,48;43,28;98,0;58201;31200
Viral Pneumonia-355.png;299;299;43,21;59,23;123,0;38406;50995
Viral Pneumonia-356.png;299;299;38,2;53,68;87,0;22803;66598
Viral Pneumonia-357.png;299;299;35,66;54,66;117,0;25575;63826
Viral Pneumonia-358.png;299;299;37,99;48,11;130,0;30495;58906
Viral Pneumonia-359.png;299;299;38,1;54,18;113,0;54660;34741
Viral Pneumonia-36.png;299;299;40,31;55,94;110,0;18754;70647
Viral Pneumonia-360.png;299;299;36,73;54,27;117,0;27280;62121
Viral Pneumonia-361.png;299;299;38,77;50,27;118,0;49414;39987
Viral Pneumonia-362.png;299;299;36,27;53,09;114,0;16671;72730
Viral Pneumonia-363.png;299;299;40,37;69,17;94,0;31078;58323
Viral Pneumonia-364.png;299;299;60,62;57,1;100,0;32841;56560
Viral Pneumonia-365.png;299;299;36,44;66,04;92,0;34695;54706
Viral Pneumonia-366.png;299;299;41,28;51,27;140,0;38506;50895
Viral Pneumonia-367.png;299;299;41,78;52,94;96,0;29834;59567
Viral Pneumonia-368.png;299;299;39,03;58,17;104,0;34184;55217
Viral Pneumonia-369.png;299;299;31,21;78,05;99,0;38154;51247
Viral Pneumonia-37.png;299;299;39,08;57,43;118,0;18666;70735
Viral Pneumonia-370.png;299;299;37,75;49,71;112,0;55612;33789
Viral Pneumonia-371.png;299;299;41,87;67,82;139,0;34904;54497
Viral Pneumonia-372.png;299;299;37,18;60,58;95,0;36150;53251
Viral Pneumonia-373.png;299;299;59,51;39,07;93,0;61589;27812
Viral Pneumonia-374.png;299;299;42,07;65,17;134,0;31200;58201
Viral Pneumonia-375.png;299;299;38,68;44,82;140,0;22761;66640
Viral Pneumonia-376.png;299;299;36,05;44,63;103,0;49707;39694
Viral Pneumonia-377.png;299;299;53,05;36,7;89,0;33617;55784
Viral Pneumonia-378.png;299;299;36,45;49,42;109,0;31636;57765
Viral Pneumonia-379.png;299;299;38,74;67,13;103,0;18384;71017
Viral Pneumonia-38.png;299;299;34,86;54,69;115,0;30750;58651
Viral Pneumonia-380.png;299;299;36,26;48,19;103,0;37060;52341
Viral Pneumonia-381.png;299;299;39,18;48,65;91,0;30033;59368
Viral Pneumonia-382.png;299;299;51,56;49,93;120,0;23663;65738
Viral Pneumonia-383.png;299;299;58,72;50,74;114,0;29676;59725
Viral Pneumonia-384.png;299;299;37,52;56,15;85,0;29567;59834
Viral Pneumonia-385.png;299;299;59,3;55,18;107,0;44612;44789
Viral Pneumonia-386.png;299;299;36,75;62,64;89,0;28741;60660
Viral Pneumonia-387.png;299;299;42,43;70,48;138,0;30980;58421
Viral Pneumonia-388.png;299;299;58,6;34,18;93,0;56191;33210
Viral Pneumonia-389.png;299;299;55,5;39,47;131,0;35215;54186
Viral Pneumonia-39.png;299;299;26,37;24,16;163,0;24879;64522
Viral Pneumonia-390.png;299;299;59,1;34,52;131,0;30617;58784
Viral Pneumonia-391.png;299;299;57,91;43,8;131,0;26351;63050
Viral Pneumonia-392.png;299;299;35,9;65,69;100,0;33938;55463
Viral Pneumonia-393.png;299;299;37,67;62,99;112,0;22926;66475
Viral Pneumonia-394.png;299;299;38,68;50,79;120,0;26429;62972
Viral Pneumonia-395.png;299;299;34,11;75,15;94,0;29224;60177
Viral Pneumonia-396.png;299;299;38,23;60,45;100,0;27872;61529
Viral Pneumonia-397.png;299;299;37,65;64,33;105,0;21923;67478
Viral Pneumonia-398.png;299;299;69,33;47,39;125,0;29762;59639
Viral Pneumonia-399.png;299;299;65,17;36,96;142,0;24480;64921
Viral Pneumonia-4.png;299;299;36,57;74,25;104,0;25436;63965
Viral Pneumonia-40.png;299;299;30,36;37,36;117,0;62714;26687
Viral Pneumonia-400.png;299;299;36,94;74,45;109,0;27046;62355
Viral Pneumonia-401.png;299;299;37,7;65,86;103,0;28308;61093
Viral Pneumonia-402.png;299;299;35,49;67,01;92,0;24238;65163
Viral Pneumonia-403.png;299;299;39,01;55,44;117,0;26237;63164
Viral Pneumonia-404.png;299;299;38,16;56,68;101,0;34691;54710
Viral Pneumonia-405.png;299;299;38,02;61,69;95,0;28573;60828
Viral Pneumonia-406.png;299;299;33,8;69,2;93,0;30258;59143
Viral Pneumonia-407.png;299;299;36,44;69,4;94,0;24743;64658
Viral Pneumonia-408.png;299;299;69,45;40,37;132,0;26966;62435
Viral Pneumonia-409.png;299;299;50,96;47,11;111,0;13071;76330
Viral Pneumonia-41.png;299;299;29,73;38,02;133,0;37364;52037
Viral Pneumonia-410.png;299;299;33,99;77,66;99,0;22020;67381
Viral Pneumonia-411.png;299;299;34,05;62,36;79,0;25101;64300
Viral Pneumonia-412.png;299;299;37,56;55,61;114,0;34973;54428
Viral Pneumonia-413.png;299;299;38,23;59,51;86,0;29999;59402
Viral Pneumonia-414.png;299;299;36,94;60,89;97,0;20266;69135
Viral Pneumonia-415.png;299;299;34,46;72,5;94,0;29476;59925
Viral Pneumonia-416.png;299;299;39,38;59,71;128,0;30067;59334
Viral Pneumonia-417.png;299;299;38,88;63,35;122,0;29568;59833
Viral Pneumonia-418.png;299;299;34,21;72,21;92,0;28330;61071
Viral Pneumonia-419.png;299;299;36,65;71,56;105,0;28341;61060
Viral Pneumonia-42.png;299;299;37,34;61,24;85,0;31419;57982
Viral Pneumonia-420.png;299;299;37,17;60,04;97,0;34908;54493
Viral Pneumonia-421.png;299;299;36,83;67,26;98,0;29582;59819
Viral Pneumonia-422.png;299;299;67,06;52,22;147,0;30146;59255
Viral Pneumonia-423.png;299;299;63,1;55,96;117,0;30642;58759
Viral Pneumonia-424.png;299;299;36,23;50,05;75,0;37987;51414
Viral Pneumonia-425.png;299;299;37,83;63,07;98,0;29247;60154
Viral Pneumonia-426.png;299;299;37,42;60,58;97,0;25049;64352
Viral Pneumonia-427.png;299;299;36,13;65,3;95,0;23022;66379
Viral Pneumonia-428.png;299;299;52,75;50,53;95,0;14727;74674
Viral Pneumonia-429.png;299;299;62,67;49,49;102,0;10654;78747
Viral Pneumonia-43.png;299;299;38,75;46,71;98,0;54025;35376
Viral Pneumonia-430.png;299;299;59,62;49,51;116,0;24261;65140
Viral Pneumonia-431.png;299;299;39,27;52,77;105,0;36426;52975
Viral Pneumonia-432.png;299;299;35,01;66,93;92,0;24579;64822
Viral Pneumonia-433.png;299;299;61,43;60,27;119,0;31678;57723
Viral Pneumonia-434.png;299;299;35,13;64,7;90,0;20579;68822
Viral Pneumonia-435.png;299;299;41,14;54,64;114,0;30064;59337
Viral Pneumonia-436.png;299;299;57,64;43,86;107,0;35755;53646
Viral Pneumonia-437.png;299;299;35,38;60,72;84,0;30654;58747
Viral Pneumonia-438.png;299;299;38,57;59,09;115,0;32681;56720
Viral Pneumonia-439.png;299;299;36,89;66,86;93,0;25326;64075
Viral Pneumonia-44.png;299;299;38,59;48,57;107,0;51394;38007
Viral Pneumonia-440.png;299;299;37,63;59,15;104,0;26708;62693
Viral Pneumonia-441.png;299;299;38,95;62,99;112,0;27646;61755
Viral Pneumonia-442.png;299;299;34,93;72,47;105,0;25329;64072
Viral Pneumonia-443.png;299;299;39,42;58,69;101,0;28883;60518
Viral Pneumonia-444.png;299;299;38,32;56,36;93,0;33313;56088
Viral Pneumonia-445.png;299;299;55,13;50,15;103,0;26745;62656
Viral Pneumonia-446.png;299;299;37,75;63,74;117,0;23485;65916
Viral Pneumonia-447.png;299;299;38,54;50,49;113,0;29028;60373
Viral Pneumonia-448.png;299;299;35,66;62,31;93,0;26768;62633
Viral Pneumonia-449.png;299;299;37,77;51,29;88,0;27570;61831
Viral Pneumonia-45.png;299;299;35,87;53,01;108,0;22795;66606
Viral Pneumonia-450.png;299;299;37,52;64,21;92,0;34080;55321
Viral Pneumonia-451.png;299;299;37,66;61,01;99,0;41976;47425
Viral Pneumonia-452.png;299;299;38,57;60,55;98,0;17217;72184
Viral Pneumonia-453.png;299;299;35,61;69,06;97,0;21066;68335
Viral Pneumonia-454.png;299;299;55,54;54,89;108,0;28968;60433
Viral Pneumonia-455.png;299;299;32,44;72,78;86,0;36474;52927
Viral Pneumonia-456.png;299;299;35,69;61,04;97,0;23197;66204
Viral Pneumonia-457.png;299;299;34,2;73,74;97,0;29811;59590
Viral Pneumonia-458.png;299;299;65,88;49,84;134,0;23639;65762
Viral Pneumonia-459.png;299;299;68,3;53,52;119,0;35966;53435
Viral Pneumonia-46.png;299;299;37,18;57,88;112,0;15887;73514
Viral Pneumonia-460.png;299;299;34,38;67,25;90,0;30116;59285
Viral Pneumonia-461.png;299;299;36,62;61,16;87,0;27111;62290
Viral Pneumonia-462.png;299;299;37,39;64,17;113,0;21935;67466
Viral Pneumonia-463.png;299;299;37,26;68,61;116,0;24051;65350
Viral Pneumonia-464.png;299;299;41,13;56,91;109,0;31336;58065
Viral Pneumonia-465.png;299;299;37,71;60,6;109,0;29221;60180
Viral Pneumonia-466.png;299;299;36,52;68,31;95,0;20469;68932
Viral Pneumonia-467.png;299;299;37,91;65,02;104,0;23808;65593
Viral Pneumonia-468.png;299;299;36,71;63,24;103,0;20410;68991
Viral Pneumonia-469.png;299;299;36,32;55,57;111,0;12597;76804
Viral Pneumonia-47.png;299;299;38,34;59,61;98,0;13114;76287
Viral Pneumonia-470.png;299;299;36,53;63,34;102,0;18869;70532
Viral Pneumonia-471.png;299;299;38,94;57,54;110,0;23303;66098
Viral Pneumonia-472.png;299;299;37,78;59,59;96,0;50902;38499
Viral Pneumonia-473.png;299;299;57,94;53,82;108,0;24954;64447
Viral Pneumonia-474.png;299;299;41,18;57,93;97,0;31703;57698
Viral Pneumonia-475.png;299;299;35,23;67,13;93,0;18567;70834
Viral Pneumonia-476.png;299;299;38,23;63,35;106,0;35495;53906
Viral Pneumonia-477.png;299;299;34,7;78,29;102,0;28533;60868
Viral Pneumonia-478.png;299;299;38,33;65,13;106,0;19700;69701
Viral Pneumonia-479.png;299;299;38,31;68,68;103,0;24345;65056
Viral Pneumonia-48.png;299;299;40,76;58,82;105,0;45319;44082
Viral Pneumonia-480.png;299;299;37,05;69,2;97,0;26566;62835
Viral Pneumonia-481.png;299;299;37,71;68,11;107,0;22361;67040
Viral Pneumonia-482.png;299;299;36,38;70,14;109,0;25142;64259
Viral Pneumonia-483.png;299;299;37,92;58,14;104,0;15591;73810
Viral Pneumonia-484.png;299;299;39,47;64,76;99,0;23669;65732
Viral Pneumonia-485.png;299;299;40,74;59,26;117,0;25582;63819
Viral Pneumonia-486.png;299;299;38,73;64,73;109,0;24223;65178
Viral Pneumonia-487.png;299;299;39,65;56,16;100,0;30134;59267
Viral Pneumonia-488.png;299;299;39,98;51,47;116,0;36028;53373
Viral Pneumonia-489.png;299;299;37,65;66,4;106,0;24333;65068
Viral Pneumonia-49.png;299;299;44,01;59,01;149,0;38554;50847
Viral Pneumonia-490.png;299;299;35,49;69,13;91,0;27191;62210
Viral Pneumonia-491.png;299;299;34,42;71,14;89,0;31499;57902
Viral Pneumonia-492.png;299;299;36,2;74,29;94,0;28653;60748
Viral Pneumonia-493.png;299;299;39,29;60,44;109,0;26820;62581
Viral Pneumonia-494.png;299;299;37,25;58,15;85,0;41019;48382
Viral Pneumonia-495.png;299;299;55,95;32,08;110,0;29521;59880
Viral Pneumonia-496.png;299;299;33,79;69,55;92,0;28698;60703
Viral Pneumonia-497.png;299;299;35,58;66,23;95,0;23661;65740
Viral Pneumonia-498.png;299;299;37,41;66,08;103,0;26440;62961
Viral Pneumonia-499.png;299;299;36,52;59,22;89,0;27120;62281
Viral Pneumonia-5.png;299;299;39,23;65,86;105,0;30638;58763
Viral Pneumonia-50.png;299;299;40,73;64,05;139,0;27216;62185
Viral Pneumonia-500.png;299;299;36,53;42,77;73,0;53382;36019
Viral Pneumonia-501.png;299;299;37,15;66,85;89,0;35293;54108
Viral Pneumonia-502.png;299;299;40,24;59,91;121,0;27804;61597
Viral Pneumonia-503.png;299;299;39,59;55,28;124,0;24689;64712
Viral Pneumonia-504.png;299;299;35,22;62,32;88,0;21360;68041
Viral Pneumonia-505.png;299;299;35,17;68,24;90,0;26495;62906
Viral Pneumonia-506.png;299;299;37,7;67,67;103,0;25040;64361
Viral Pneumonia-507.png;299;299;40,4;61,44;106,0;29627;59774
Viral Pneumonia-508.png;299;299;35,89;60,29;90,0;39247;50154
Viral Pneumonia-509.png;299;299;35,28;66,38;89,0;32435;56966
Viral Pneumonia-51.png;299;299;39,72;42,78;123,0;16987;72414
Viral Pneumonia-510.png;299;299;41,17;51,43;119,0;28870;60531
Viral Pneumonia-511.png;299;299;36,81;64,76;106,0;24640;64761
Viral Pneumonia-512.png;299;299;37,14;64,36;119,0;25906;63495
Viral Pneumonia-513.png;299;299;36,04;70,71;98,0;23625;65776
Viral Pneumonia-514.png;299;299;38,37;55,6;103,0;15597;73804
Viral Pneumonia-515.png;299;299;38,03;54,43;131,0;15677;73724
Viral Pneumonia-516.png;299;299;37,64;65,17;127,0;22055;67346
Viral Pneumonia-517.png;299;299;36,77;74,64;104,0;25387;64014
Viral Pneumonia-518.png;299;299;59,6;46,35;109,0;37188;52213
Viral Pneumonia-519.png;299;299;54,62;45,35;130,0;37596;51805
Viral Pneumonia-52.png;299;299;38,3;54,49;106,0;19302;70099
Viral Pneumonia-520.png;299;299;56,97;48,62;101,0;30071;59330
Viral Pneumonia-521.png;299;299;38,94;61,75;109,0;24337;65064
Viral Pneumonia-522.png;299;299;55,6;31,85;146,0;18021;71380
Viral Pneumonia-523.png;299;299;38,17;60,52;104,0;23749;65652
Viral Pneumonia-524.png;299;299;35,0;67,8;90,0;21278;68123
Viral Pneumonia-525.png;299;299;40,05;64,12;108,0;33587;55814
Viral Pneumonia-526.png;299;299;38,54;54,25;89,0;51501;37900
Viral Pneumonia-527.png;299;299;39,35;61,21;116,0;25454;63947
Viral Pneumonia-528.png;299;299;37,17;55,98;104,0;24888;64513
Viral Pneumonia-529.png;299;299;36,2;69,0;94,0;29928;59473
Viral Pneumonia-53.png;299;299;36,21;70,91;96,0;25014;64387
Viral Pneumonia-530.png;299;299;38,31;67,6;109,0;24333;65068
Viral Pneumonia-531.png;299;299;35,62;55,66;96,0;13125;76276
Viral Pneumonia-532.png;299;299;38,93;71,46;106,0;25847;63554
Viral Pneumonia-533.png;299;299;35,91;70,75;94,0;30680;58721
Viral Pneumonia-534.png;299;299;38,35;66,38;115,0;21555;67846
Viral Pneumonia-535.png;299;299;30,28;76,43;86,0;35461;53940
Viral Pneumonia-536.png;299;299;35,34;67,76;92,0;27304;62097
Viral Pneumonia-537.png;299;299;36,32;67,17;97,0;23966;65435
Viral Pneumonia-538.png;299;299;36,62;66,66;95,0;22451;66950
Viral Pneumonia-539.png;299;299;38,86;54,66;110,0;21287;68114
Viral Pneumonia-54.png;299;299;40,41;55,48;122,0;19019;70382
Viral Pneumonia-540.png;299;299;37,63;58,78;99,0;17338;72063
Viral Pneumonia-541.png;299;299;57,02;42,13;124,0;27032;62369
Viral Pneumonia-542.png;299;299;37,69;56,47;102,0;23947;65454
Viral Pneumonia-543.png;299;299;39,35;63,05;130,0;29786;59615
Viral Pneumonia-544.png;299;299;38,65;61,77;106,0;22014;67387
Viral Pneumonia-545.png;299;299;37,68;67,4;108,0;24589;64812
Viral Pneumonia-546.png;299;299;38,49;66,76;111,0;26175;63226
Viral Pneumonia-547.png;299;299;36,43;36,93;135,0;13862;75539
Viral Pneumonia-548.png;299;299;37,53;59,07;89,0;31402;57999
Viral Pneumonia-549.png;299;299;38,63;65,22;108,0;24666;64735
Viral Pneumonia-55.png;299;299;38,82;65,62;106,0;28489;60912
Viral Pneumonia-550.png;299;299;35,55;72,55;97,0;25967;63434
Viral Pneumonia-551.png;299;299;57,89;48,24;127,0;31819;57582
Viral Pneumonia-552.png;299;299;41,08;59,39;119,0;31126;58275
Viral Pneumonia-553.png;299;299;38,26;59,78;105,0;24310;65091
Viral Pneumonia-554.png;299;299;36,01;65,95;102,0;29618;59783
Viral Pneumonia-555.png;299;299;41,47;51,12;133,0;31646;57755
Viral Pneumonia-556.png;299;299;38,18;42,16;90,0;40974;48427
Viral Pneumonia-557.png;299;299;36,55;66,51;98,0;25880;63521
Viral Pneumonia-558.png;299;299;34,88;60,55;80,0;31968;57433
Viral Pneumonia-559.png;299;299;37,6;52,63;123,0;20386;69015
Viral Pneumonia-56.png;299;299;34,78;71,21;98,0;24701;64700
Viral Pneumonia-560.png;299;299;36,94;52,89;108,0;26021;63380
Viral Pneumonia-561.png;299;299;32,98;72,53;96,0;28351;61050
Viral Pneumonia-562.png;299;299;30,09;79,0;94,0;29298;60103
Viral Pneumonia-563.png;299;299;38,19;37,56;145,0;21548;67853
Viral Pneumonia-564.png;299;299;33,3;58,66;105,0;38149;51252
Viral Pneumonia-565.png;299;299;35,64;56,61;102,0;24453;64948
Viral Pneumonia-566.png;299;299;38,47;52,64;139,0;34215;55186
Viral Pneumonia-567.png;299;299;32,95;73,54;92,0;33916;55485
Viral Pneumonia-568.png;299;299;34,33;61,99;88,0;30588;58813
Viral Pneumonia-569.png;299;299;34,01;65,69;120,0;22495;66906
Viral Pneumonia-57.png;299;299;36,67;65,01;87,0;23722;65679
Viral Pneumonia-570.png;299;299;39,81;62,14;109,0;19476;69925
Viral Pneumonia-571.png;299;299;35,39;73,22;90,0;26929;62472
Viral Pneumonia-572.png;299;299;36,18;67,69;98,0;27687;61714
Viral Pneumonia-573.png;299;299;37,69;63,74;108,0;26997;62404
Viral Pneumonia-574.png;299;299;35,13;67,37;104,0;28353;61048
Viral Pneumonia-575.png;299;299;37,68;51,3;100,0;13106;76295
Viral Pneumonia-576.png;299;299;37,03;51,74;114,0;22017;67384
Viral Pneumonia-577.png;299;299;55,86;56,01;88,0;18034;71367
Viral Pneumonia-578.png;299;299;36,95;59,03;87,0;27801;61600
Viral Pneumonia-579.png;299;299;38,75;64,92;106,0;20521;68880
Viral Pneumonia-58.png;299;299;36,03;55,39;105,0;26512;62889
Viral Pneumonia-580.png;299;299;33,28;67,54;88,0;39092;50309
Viral Pneumonia-581.png;299;299;58,2;48,7;107,0;16089;73312
Viral Pneumonia-582.png;299;299;38,51;66,01;103,0;23683;65718
Viral Pneumonia-583.png;299;299;38,71;69,08;116,0;27772;61629
Viral Pneumonia-584.png;299;299;50,21;65,93;102,0;18267;71134
Viral Pneumonia-585.png;299;299;61,64;48,68;94,0;30741;58660
Viral Pneumonia-586.png;299;299;56,0;38,45;97,0;21656;67745
Viral Pneumonia-587.png;299;299;56,94;39,87;131,0;28035;61366
Viral Pneumonia-588.png;299;299;37,78;69,8;100,0;25686;63715
Viral Pneumonia-589.png;299;299;37,4;54,82;112,0;25825;63576
Viral Pneumonia-59.png;299;299;38,89;57,78;98,0;17719;71682
Viral Pneumonia-590.png;299;299;31,34;67,5;80,0;41632;47769
Viral Pneumonia-591.png;299;299;37,65;70,44;117,0;27468;61933
Viral Pneumonia-592.png;299;299;37,51;53,87;91,0;28561;60840
Viral Pneumonia-593.png;299;299;36,98;58,0;83,0;25840;63561
Viral Pneumonia-594.png;299;299;35,08;56,11;110,0;26296;63105
Viral Pneumonia-595.png;299;299;34,92;53,86;104,0;23848;65553
Viral Pneumonia-596.png;299;299;34,92;53,86;104,0;23848;65553
Viral Pneumonia-597.png;299;299;36,61;52,06;85,0;45068;44333
Viral Pneumonia-598.png;299;299;37,56;43,99;126,0;23277;66124
Viral Pneumonia-599.png;299;299;36,93;47,29;102,0;39159;50242
Viral Pneumonia-6.png;299;299;35,89;67,0;87,0;26395;63006
Viral Pneumonia-60.png;299;299;38,93;67,21;118,0;24760;64641
Viral Pneumonia-600.png;299;299;37,3;68,29;89,0;29885;59516
Viral Pneumonia-601.png;299;299;41,27;69,72;109,0;40124;49277
Viral Pneumonia-602.png;299;299;42,18;54,96;108,0;41835;47566
Viral Pneumonia-603.png;299;299;37,2;53,26;114,0;41828;47573
Viral Pneumonia-604.png;299;299;39,35;54,16;115,0;40346;49055
Viral Pneumonia-605.png;299;299;39,4;52,57;124,0;34339;55062
Viral Pneumonia-606.png;299;299;36,36;59,71;92,0;34417;54984
Viral Pneumonia-607.png;299;299;36,59;66,12;91,0;36788;52613
Viral Pneumonia-608.png;299;299;37,34;45,34;105,0;32490;56911
Viral Pneumonia-609.png;299;299;37,68;43,05;103,0;40973;48428
Viral Pneumonia-61.png;299;299;39,0;58,42;104,0;27491;61910
Viral Pneumonia-610.png;299;299;58,02;32,65;138,0;29999;59402
Viral Pneumonia-611.png;299;299;37,5;34,41;86,0;51188;38213
Viral Pneumonia-612.png;299;299;59,76;44,25;123,0;36387;53014
Viral Pneumonia-613.png;299;299;52,44;45,37;110,0;38642;50759
Viral Pneumonia-614.png;299;299;32,63;55,37;88,0;27295;62106
Viral Pneumonia-615.png;299;299;37,42;40,32;76,0;35416;53985
Viral Pneumonia-616.png;299;299;40,27;53,41;93,0;35277;54124
Viral Pneumonia-617.png;299;299;35,48;57,78;80,0;32088;57313
Viral Pneumonia-618.png;299;299;36,78;39,7;90,0;42639;46762
Viral Pneumonia-619.png;299;299;37,6;58,89;100,0;37185;52216
Viral Pneumonia-62.png;299;299;36,16;62,82;97,0;29385;60016
Viral Pneumonia-620.png;299;299;41,12;57,68;109,0;42749;46652
Viral Pneumonia-621.png;299;299;37,81;48,58;72,0;28883;60518
Viral Pneumonia-622.png;299;299;36,18;75,09;114,0;32331;57070
Viral Pneumonia-623.png;299;299;42,91;60,87;103,0;34875;54526
Viral Pneumonia-624.png;299;299;54,54;50,71;128,0;37925;51476
Viral Pneumonia-625.png;299;299;38,04;40,56;61,0;30032;59369
Viral Pneumonia-626.png;299;299;54,54;45,89;106,0;43813;45588
Viral Pneumonia-627.png;299;299;42,82;54,24;119,0;36535;52866
Viral Pneumonia-628.png;299;299;65,82;49,48;112,0;28186;61215
Viral Pneumonia-629.png;299;299;36,11;46,75;102,0;51021;38380
Viral Pneumonia-63.png;299;299;36,36;76,7;102,0;32162;57239
Viral Pneumonia-630.png;299;299;37,42;66,2;100,0;18599;70802
Viral Pneumonia-631.png;299;299;36,44;52,24;103,0;35286;54115
Viral Pneumonia-632.png;299;299;36,22;47,09;105,0;33595;55806
Viral Pneumonia-633.png;299;299;39,43;47,79;119,0;26530;62871
Viral Pneumonia-634.png;299;299;40,43;47,46;117,0;37913;51488
Viral Pneumonia-635.png;299;299;58,12;44,79;109,0;46235;43166
Viral Pneumonia-636.png;299;299;53,65;34,67;116,0;40565;48836
Viral Pneumonia-637.png;299;299;37,19;51,58;105,0;33662;55739
Viral Pneumonia-638.png;299;299;36,43;54,34;112,0;43009;46392
Viral Pneumonia-639.png;299;299;38,28;52,59;106,0;49465;39936
Viral Pneumonia-64.png;299;299;37,39;64,02;93,0;21635;67766
Viral Pneumonia-640.png;299;299;36,85;50,94;100,0;49729;39672
Viral Pneumonia-641.png;299;299;36,71;63,67;105,0;21378;68023
Viral Pneumonia-642.png;299;299;38,87;48,14;105,0;50638;38763
Viral Pneumonia-643.png;299;299;39,0;59,07;115,0;13869;75532
Viral Pneumonia-644.png;299;299;40,54;55,48;128,0;30627;58774
Viral Pneumonia-645.png;299;299;36,4;56,24;157,0;39112;50289
Viral Pneumonia-646.png;299;299;57,58;39,05;120,0;29956;59445
Viral Pneumonia-647.png;299;299;36,74;56,04;105,0;46742;42659
Viral Pneumonia-648.png;299;299;58,64;45,97;117,0;38944;50457
Viral Pneumonia-649.png;299;299;42,32;57,69;118,0;35059;54342
Viral Pneumonia-65.png;299;299;35,09;58,32;85,0;49890;39511
Viral Pneumonia-650.png;299;299;37,79;49,25;122,0;52292;37109
Viral Pneumonia-651.png;299;299;56,36;35,86;148,0;38306;51095
Viral Pneumonia-652.png;299;299;56,73;33,88;119,0;39662;49739
Viral Pneumonia-653.png;299;299;30,85;57,93;72,0;50312;39089
Viral Pneumonia-654.png;299;299;55,03;35,66;137,0;32485;56916
Viral Pneumonia-655.png;299;299;52,45;28,92;122,0;44044;45357
Viral Pneumonia-656.png;299;299;35,11;44,24;103,0;53256;36145
Viral Pneumonia-657.png;299;299;34,89;39,94;85,0;51197;38204
Viral Pneumonia-658.png;299;299;31,05;47,17;96,0;32036;57365
Viral Pneumonia-659.png;299;299;34,68;49,57;110,0;37156;52245
Viral Pneumonia-66.png;299;299;36,52;54,8;88,0;53274;36127
Viral Pneumonia-660.png;299;299;32,86;45,93;109,0;38953;50448
Viral Pneumonia-661.png;299;299;35,28;71,35;107,0;39952;49449
Viral Pneumonia-662.png;299;299;34,39;43,25;89,0;46504;42897
Viral Pneumonia-663.png;299;299;57,02;48,82;102,0;31876;57525
Viral Pneumonia-664.png;299;299;37,35;52,54;93,0;39000;50401
Viral Pneumonia-665.png;299;299;33,64;43,43;112,0;38942;50459
Viral Pneumonia-666.png;299;299;39,81;57,68;88,0;29635;59766
Viral Pneumonia-667.png;299;299;34,05;45,06;102,0;42089;47312
Viral Pneumonia-668.png;299;299;42,61;56,04;117,0;34968;54433
Viral Pneumonia-669.png;299;299;32,35;43,67;120,0;13123;76278
Viral Pneumonia-67.png;299;299;36,89;60,71;98,0;34156;55245
Viral Pneumonia-670.png;299;299;38,59;56,13;95,0;28061;61340
Viral Pneumonia-671.png;299;299;41,63;64,3;109,0;35804;53597
Viral Pneumonia-672.png;299;299;37,27;52,61;109,0;25942;63459
Viral Pneumonia-673.png;299;299;56,34;43,93;121,0;45567;43834
Viral Pneumonia-674.png;299;299;35,42;46,76;124,0;26279;63122
Viral Pneumonia-675.png;299;299;35,13;42,7;98,0;39756;49645
Viral Pneumonia-676.png;299;299;39,29;51,96;97,0;33345;56056
Viral Pneumonia-677.png;299;299;34,63;48,4;128,0;49230;40171
Viral Pneumonia-678.png;299;299;40,3;56,82;117,0;32306;57095
Viral Pneumonia-679.png;299;299;37,32;63,72;86,0;27078;62323
Viral Pneumonia-68.png;299;299;33,27;73,41;108,0;27092;62309
Viral Pneumonia-680.png;299;299;34,94;52,86;119,0;17543;71858
Viral Pneumonia-681.png;299;299;37,26;46,42;135,0;16254;73147
Viral Pneumonia-682.png;299;299;35,53;45,58;110,0;12659;76742
Viral Pneumonia-683.png;299;299;38,17;71,99;102,0;35471;53930
Viral Pneumonia-684.png;299;299;37,42;49,75;112,0;52480;36921
Viral Pneumonia-685.png;299;299;38,64;49,59;134,0;29237;60164
Viral Pneumonia-686.png;299;299;38,09;62,81;98,0;21622;67779
Viral Pneumonia-687.png;299;299;44,89;67,58;134,0;38681;50720
Viral Pneumonia-688.png;299;299;50,06;34,08;135,0;31799;57602
Viral Pneumonia-689.png;299;299;43,78;53,38;108,0;39317;50084
Viral Pneumonia-69.png;299;299;37,91;63,9;101,0;29941;59460
Viral Pneumonia-690.png;299;299;34,41;36,79;105,0;33944;55457
Viral Pneumonia-691.png;299;299;57,66;45,75;126,0;42492;46909
Viral Pneumonia-692.png;299;299;36,25;47,46;107,0;51798;37603
Viral Pneumonia-693.png;299;299;51,3;34,61;136,0;33493;55908
Viral Pneumonia-694.png;299;299;42,58;62,7;102,0;39290;50111
Viral Pneumonia-695.png;299;299;37,93;54,33;106,0;36305;53096
Viral Pneumonia-696.png;299;299;33,29;61,24;105,0;14493;74908
Viral Pneumonia-697.png;299;299;32,97;49,72;115,0;15857;73544
Viral Pneumonia-698.png;299;299;34,72;38,28;121,0;26625;62776
Viral Pneumonia-699.png;299;299;41,93;44,21;89,0;34495;54906
Viral Pneumonia-7.png;299;299;40,29;57,22;99,0;30735;58666
Viral Pneumonia-70.png;299;299;37,53;60,19;96,0;40577;48824
Viral Pneumonia-700.png;299;299;36,18;56,39;104,0;19676;69725
Viral Pneumonia-701.png;299;299;33,79;67,66;99,0;25750;63651
Viral Pneumonia-702.png;299;299;39,35;57,09;86,0;24767;64634
Viral Pneumonia-703.png;299;299;36,3;44,29;125,0;45659;43742
Viral Pneumonia-704.png;299;299;38,5;58,04;107,0;27390;62011
Viral Pneumonia-705.png;299;299;31,75;50,14;89,0;24660;64741
Viral Pneumonia-706.png;299;299;35,35;72,61;106,0;22517;66884
Viral Pneumonia-707.png;299;299;32,28;78,0;98,0;27312;62089
Viral Pneumonia-708.png;299;299;38,4;60,3;108,0;26067;63334
Viral Pneumonia-709.png;299;299;37,2;63,78;122,0;26193;63208
Viral Pneumonia-71.png;299;299;37,25;57,29;111,0;39222;50179
Viral Pneumonia-710.png;299;299;38,39;61,47;97,0;23722;65679
Viral Pneumonia-711.png;299;299;40,44;60,09;109,0;21063;68338
Viral Pneumonia-712.png;299;299;36,59;70,51;103,0;25039;64362
Viral Pneumonia-713.png;299;299;33,88;72,29;89,0;29346;60055
Viral Pneumonia-714.png;299;299;33,44;70,08;83,0;30576;58825
Viral Pneumonia-715.png;299;299;36,67;72,63;118,0;26234;63167
Viral Pneumonia-716.png;299;299;37,59;74,22;114,0;26132;63269
Viral Pneumonia-717.png;299;299;37,17;71,83;114,0;28739;60662
Viral Pneumonia-718.png;299;299;39,43;56,08;111,0;18836;70565
Viral Pneumonia-719.png;299;299;37,42;69,8;104,0;18563;70838
Viral Pneumonia-72.png;299;299;37,42;48,65;106,0;35813;53588
Viral Pneumonia-720.png;299;299;38,0;58,35;92,0;29298;60103
Viral Pneumonia-721.png;299;299;38,35;54,67;90,0;29833;59568
Viral Pneumonia-722.png;299;299;34,08;76,62;97,0;30032;59369
Viral Pneumonia-723.png;299;299;35,04;73,37;91,0;25887;63514
Viral Pneumonia-724.png;299;299;35,68;68,76;93,0;32239;57162
Viral Pneumonia-725.png;299;299;31,26;71,13;83,0;35218;54183
Viral Pneumonia-726.png;299;299;40,61;54,54;98,0;35396;54005
Viral Pneumonia-727.png;299;299;34,14;70,16;93,0;29157;60244
Viral Pneumonia-728.png;299;299;33,13;51,45;69,0;46258;43143
Viral Pneumonia-729.png;299;299;34,81;71,96;95,0;26412;62989
Viral Pneumonia-73.png;299;299;37,65;46,85;111,0;22880;66521
Viral Pneumonia-730.png;299;299;40,36;49,93;130,0;21358;68043
Viral Pneumonia-731.png;299;299;34,15;75,33;93,0;31018;58383
Viral Pneumonia-732.png;299;299;35,1;72,3;90,0;24027;65374
Viral Pneumonia-733.png;299;299;35,87;59,72;90,0;36962;52439
Viral Pneumonia-734.png;299;299;34,74;74,51;102,0;24467;64934
Viral Pneumonia-735.png;299;299;38,33;67,42;106,0;24638;64763
Viral Pneumonia-736.png;299;299;35,02;67,99;84,0;29235;60166
Viral Pneumonia-737.png;299;299;37,54;62,47;92,0;29875;59526
Viral Pneumonia-738.png;299;299;37,3;66,69;94,0;39762;49639
Viral Pneumonia-739.png;299;299;35,39;54,44;82,0;25227;64174
Viral Pneumonia-74.png;299;299;38,2;51,04;108,0;30840;58561
Viral Pneumonia-740.png;299;299;34,62;67,56;96,0;24858;64543
Viral Pneumonia-741.png;299;299;35,99;55,11;93,0;29291;60110
Viral Pneumonia-742.png;299;299;57,75;37,49;148,0;35839;53562
Viral Pneumonia-743.png;299;299;37,88;67,19;97,0;26886;62515
Viral Pneumonia-744.png;299;299;37,54;68,95;103,0;20927;68474
Viral Pneumonia-745.png;299;299;52,4;46,49;95,0;11281;78120
Viral Pneumonia-746.png;299;299;35,19;69,89;96,0;26577;62824
Viral Pneumonia-747.png;299;299;35,91;71,81;97,0;23079;66322
Viral Pneumonia-748.png;299;299;37,02;63,09;92,0;33589;55812
Viral Pneumonia-749.png;299;299;36,46;72,57;106,0;25302;64099
Viral Pneumonia-75.png;299;299;38,2;51,04;108,0;30840;58561
Viral Pneumonia-750.png;299;299;53,9;31,88;128,0;10100;79301
Viral Pneumonia-751.png;299;299;33,56;73,14;87,0;24016;65385
Viral Pneumonia-752.png;299;299;62,6;56,19;110,0;29554;59847
Viral Pneumonia-753.png;299;299;54,98;32,67;138,0;22433;66968
Viral Pneumonia-754.png;299;299;30,54;85,42;99,0;28622;60779
Viral Pneumonia-755.png;299;299;35,21;63,6;85,0;36722;52679
Viral Pneumonia-756.png;299;299;39,66;57,09;124,0;25613;63788
Viral Pneumonia-757.png;299;299;37,85;65,35;101,0;20563;68838
Viral Pneumonia-758.png;299;299;38,31;51,19;118,0;29134;60267
Viral Pneumonia-759.png;299;299;33,26;43,89;124,0;22357;67044
Viral Pneumonia-76.png;299;299;39,24;49,42;99,0;31017;58384
Viral Pneumonia-760.png;299;299;36,02;41,29;160,0;36240;53161
Viral Pneumonia-761.png;299;299;36,92;59,24;102,0;25646;63755
Viral Pneumonia-762.png;299;299;36,52;55,38;84,0;28124;61277
Viral Pneumonia-763.png;299;299;36,5;59,94;97,0;14140;75261
Viral Pneumonia-764.png;299;299;57,92;54,56;109,0;25921;63480
Viral Pneumonia-765.png;299;299;39,7;57,81;95,0;24698;64703
Viral Pneumonia-766.png;299;299;36,92;68,59;107,0;20424;68977
Viral Pneumonia-767.png;299;299;35,74;56,36;84,0;37729;51672
Viral Pneumonia-768.png;299;299;56,53;35,92;73,0;48958;40443
Viral Pneumonia-769.png;299;299;38,79;57,8;92,0;33468;55933
Viral Pneumonia-77.png;299;299;37,8;46,49;110,0;21634;67767
Viral Pneumonia-770.png;299;299;61,57;43,01;132,0;36526;52875
Viral Pneumonia-771.png;299;299;37,4;57,53;110,0;28464;60937
Viral Pneumonia-772.png;299;299;37,62;37,8;103,0;4413;84988
Viral Pneumonia-773.png;299;299;60,35;49,64;107,0;38282;51119
Viral Pneumonia-774.png;299;299;35,99;70,55;94,0;22863;66538
Viral Pneumonia-775.png;299;299;37,35;63,37;115,0;15730;73671
Viral Pneumonia-776.png;299;299;33,87;68,48;93,0;26181;63220
Viral Pneumonia-777.png;299;299;39,6;56,94;119,0;28765;60636
Viral Pneumonia-778.png;299;299;38,89;51,8;117,0;29871;59530
Viral Pneumonia-779.png;299;299;34,01;69,41;91,0;26704;62697
Viral Pneumonia-78.png;299;299;35,48;65,71;106,0;28516;60885
Viral Pneumonia-780.png;299;299;38,4;67,16;111,0;33413;55988
Viral Pneumonia-781.png;299;299;34,67;63,26;87,0;35418;53983
Viral Pneumonia-782.png;299;299;55,41;39,37;116,0;43461;45940
Viral Pneumonia-783.png;299;299;33,07;63,59;80,0;35009;54392
Viral Pneumonia-784.png;299;299;36,42;65,96;103,0;23153;66248
Viral Pneumonia-785.png;299;299;41,25;44,8;110,0;36482;52919
Viral Pneumonia-786.png;299;299;37,87;59,02;96,0;18545;70856
Viral Pneumonia-787.png;299;299;38,58;58,17;109,0;25008;64393
Viral Pneumonia-788.png;299;299;38,38;58,65;90,0;38239;51162
Viral Pneumonia-789.png;299;299;32,58;74,1;88,0;30351;59050
Viral Pneumonia-79.png;299;299;39,85;64,66;120,0;27442;61959
Viral Pneumonia-790.png;299;299;57,33;30,71;143,0;23725;65676
Viral Pneumonia-791.png;299;299;31,55;65,26;79,0;33334;56067
Viral Pneumonia-792.png;299;299;56,55;40,69;158,0;36309;53092
Viral Pneumonia-793.png;299;299;39,4;57,56;96,0;26049;63352
Viral Pneumonia-794.png;299;299;36,33;65,84;89,0;29561;59840
Viral Pneumonia-795.png;299;299;36,84;42,93;99,0;8511;80890
Viral Pneumonia-796.png;299;299;34,58;34,79;137,0;8755;80646
Viral Pneumonia-797.png;299;299;36,95;53,83;91,0;25375;64026
Viral Pneumonia-798.png;299;299;36,55;66,7;95,0;18584;70817
Viral Pneumonia-799.png;299;299;40,21;54,88;128,0;27979;61422
Viral Pneumonia-8.png;299;299;39,25;66,58;103,0;39898;49503
Viral Pneumonia-80.png;299;299;39,93;49,97;124,0;21822;67579
Viral Pneumonia-800.png;299;299;37,87;52,15;83,0;44215;45186
Viral Pneumonia-801.png;299;299;35,59;52,49;79,0;39893;49508
Viral Pneumonia-802.png;299;299;36,96;58,05;103,0;27092;62309
Viral Pneumonia-803.png;299;299;58,88;30,16;120,0;23372;66029
Viral Pneumonia-804.png;299;299;34,17;67,14;84,0;36011;53390
Viral Pneumonia-805.png;299;299;37,95;49,45;129,0;28592;60809
Viral Pneumonia-806.png;299;299;58,83;47,0;98,0;29118;60283
Viral Pneumonia-807.png;299;299;38,1;50,68;86,0;31772;57629
Viral Pneumonia-808.png;299;299;38,39;66,92;111,0;22976;66425
Viral Pneumonia-809.png;299;299;37,46;67,54;95,0;28273;61128
Viral Pneumonia-81.png;299;299;39,3;64,13;118,0;29634;59767
Viral Pneumonia-810.png;299;299;36,4;66,47;110,0;25996;63405
Viral Pneumonia-811.png;299;299;36,59;60,97;89,0;25323;64078
Viral Pneumonia-812.png;299;299;37,34;62,88;107,0;30360;59041
Viral Pneumonia-813.png;299;299;29,46;66,82;74,0;41625;47776
Viral Pneumonia-814.png;299;299;34,92;60,94;93,0;25139;64262
Viral Pneumonia-815.png;299;299;63,5;37,87;152,0;41941;47460
Viral Pneumonia-816.png;299;299;35,76;59,17;93,0;27417;61984
Viral Pneumonia-817.png;299;299;54,87;43,91;104,0;46309;43092
Viral Pneumonia-818.png;299;299;34,26;65,19;82,0;32401;57000
Viral Pneumonia-819.png;299;299;37,31;57,18;110,0;29935;59466
Viral Pneumonia-82.png;299;299;40,57;54,24;118,0;23421;65980
Viral Pneumonia-820.png;299;299;38,21;48,72;130,0;27776;61625
Viral Pneumonia-821.png;299;299;37,06;59,38;91,0;35964;53437
Viral Pneumonia-822.png;299;299;36,28;61,84;95,0;26512;62889
Viral Pneumonia-823.png;299;299;37,53;56,87;112,0;29084;60317
Viral Pneumonia-824.png;299;299;37,11;60,76;102,0;26593;62808
Viral Pneumonia-825.png;299;299;35,18;68,37;90,0;23543;65858
Viral Pneumonia-826.png;299;299;56,83;60,54;112,0;42120;47281
Viral Pneumonia-827.png;299;299;35,86;66,29;101,0;24716;64685
Viral Pneumonia-828.png;299;299;35,12;62,84;96,0;30279;59122
Viral Pneumonia-829.png;299;299;38,85;61,39;113,0;25890;63511
Viral Pneumonia-83.png;299;299;34,77;66,31;83,0;27584;61817
Viral Pneumonia-830.png;299;299;32,52;71,24;92,0;24957;64444
Viral Pneumonia-831.png;299;299;35,04;62,02;105,0;23503;65898
Viral Pneumonia-832.png;299;299;35,4;57,52;93,0;47071;42330
Viral Pneumonia-833.png;299;299;35,48;67,35;99,0;21867;67534
Viral Pneumonia-834.png;299;299;36,63;59,9;99,0;15896;73505
Viral Pneumonia-835.png;299;299;38,35;56,47;104,0;23637;65764
Viral Pneumonia-836.png;299;299;36,14;71,75;100,0;24839;64562
Viral Pneumonia-837.png;299;299;35,68;66,95;94,0;27898;61503
Viral Pneumonia-838.png;299;299;40,64;55,03;110,0;26119;63282
Viral Pneumonia-839.png;299;299;34,18;59,47;87,0;25663;63738
Viral Pneumonia-84.png;299;299;35,63;65,39;99,0;19925;69476
Viral Pneumonia-840.png;299;299;37,92;59,17;95,0;25650;63751
Viral Pneumonia-841.png;299;299;37,44;63,91;120,0;24187;65214
Viral Pneumonia-842.png;299;299;37,61;49,12;112,0;37606;51795
Viral Pneumonia-843.png;299;299;41,27;50,72;105,0;38055;51346
Viral Pneumonia-844.png;299;299;38,73;53,82;106,0;20929;68472
Viral Pneumonia-845.png;299;299;37,8;67,56;99,0;32814;56587
Viral Pneumonia-846.png;299;299;36,29;64,94;96,0;22470;66931
Viral Pneumonia-847.png;299;299;33,29;71,12;93,0;29130;60271
Viral Pneumonia-848.png;299;299;40,22;59,92;126,0;26090;63311
Viral Pneumonia-849.png;299;299;33,59;68,63;85,0;29805;59596
Viral Pneumonia-85.png;299;299;38,93;68,33;97,0;21672;67729
Viral Pneumonia-850.png;299;299;38,19;65,61;104,0;25924;63477
Viral Pneumonia-851.png;299;299;37,15;62,5;95,0;17838;71563
Viral Pneumonia-852.png;299;299;35,14;67,67;94,0;30156;59245
Viral Pneumonia-853.png;299;299;36,39;74,03;103,0;25106;64295
Viral Pneumonia-854.png;299;299;36,11;61,61;87,0;27731;61670
Viral Pneumonia-855.png;299;299;38,21;58,56;112,0;34109;55292
Viral Pneumonia-856.png;299;299;56,58;36,53;143,0;24962;64439
Viral Pneumonia-857.png;299;299;36,82;67,41;91,0;20971;68430
Viral Pneumonia-858.png;299;299;37,38;51,33;86,0;26432;62969
Viral Pneumonia-859.png;299;299;37,45;66,51;115,0;29555;59846
Viral Pneumonia-86.png;299;299;39,62;64,15;123,0;28615;60786
Viral Pneumonia-860.png;299;299;36,67;68,36;102,0;30393;59008
Viral Pneumonia-861.png;299;299;34,79;71,7;98,0;27015;62386
Viral Pneumonia-862.png;299;299;37,49;55,8;105,0;18976;70425
Viral Pneumonia-863.png;299;299;39,63;49,08;116,0;25826;63575
Viral Pneumonia-864.png;299;299;38,71;49,66;129,0;23762;65639
Viral Pneumonia-865.png;299;299;37,5;62,07;99,0;26357;63044
Viral Pneumonia-866.png;299;299;38,5;47,23;112,0;35523;53878
Viral Pneumonia-867.png;299;299;36,24;58,69;97,0;19245;70156
Viral Pneumonia-868.png;299;299;34,77;73,44;102,0;27223;62178
Viral Pneumonia-869.png;299;299;34,12;66,77;86,0;26688;62713
Viral Pneumonia-87.png;299;299;37,2;62,77;95,0;32689;56712
Viral Pneumonia-870.png;299;299;36,66;68,03;105,0;24259;65142
Viral Pneumonia-871.png;299;299;28,98;70,39;80,0;36702;52699
Viral Pneumonia-872.png;299;299;32,23;67,82;82,0;35912;53489
Viral Pneumonia-873.png;299;299;37,82;72,9;103,0;22657;66744
Viral Pneumonia-874.png;299;299;35,57;70,46;94,0;22011;67390
Viral Pneumonia-875.png;299;299;36,95;57,41;99,0;27527;61874
Viral Pneumonia-876.png;299;299;33,99;74,54;89,0;27360;62041
Viral Pneumonia-877.png;299;299;36,0;63,45;100,0;33555;55846
Viral Pneumonia-878.png;299;299;33,61;62,07;83,0;27785;61616
Viral Pneumonia-879.png;299;299;37,73;60,34;113,0;28706;60695
Viral Pneumonia-88.png;299;299;35,68;66,4;97,0;32849;56552
Viral Pneumonia-880.png;299;299;38,82;65,58;102,0;26275;63126
Viral Pneumonia-881.png;299;299;37,75;60,41;105,0;24839;64562
Viral Pneumonia-882.png;299;299;37,39;63,69;98,0;34549;54852
Viral Pneumonia-883.png;299;299;39,44;53,73;108,0;31044;58357
Viral Pneumonia-884.png;299;299;33,71;40,54;144,0;27399;62002
Viral Pneumonia-885.png;299;299;34,16;70,35;97,0;30510;58891
Viral Pneumonia-886.png;299;299;37,04;64,73;97,0;25091;64310
Viral Pneumonia-887.png;299;299;35,65;61,83;92,0;30122;59279
Viral Pneumonia-888.png;299;299;37,5;66,09;117,0;27865;61536
Viral Pneumonia-889.png;299;299;37,13;54,7;93,0;34999;54402
Viral Pneumonia-89.png;299;299;37,27;54,54;92,0;42500;46901
Viral Pneumonia-890.png;299;299;35,35;66,83;90,0;29364;60037
Viral Pneumonia-891.png;299;299;36,29;63,71;86,0;32934;56467
Viral Pneumonia-892.png;299;299;36,75;69,5;109,0;29487;59914
Viral Pneumonia-893.png;299;299;35,25;59,58;83,0;27807;61594
Viral Pneumonia-894.png;299;299;59,43;36,19;151,0;18239;71162
Viral Pneumonia-895.png;299;299;39,53;48,09;106,0;40831;48570
Viral Pneumonia-896.png;299;299;32,21;70,04;83,0;41155;48246
Viral Pneumonia-897.png;299;299;32,33;71,87;81,0;32959;56442
Viral Pneumonia-898.png;299;299;55,32;47,09;97,0;15318;74083
Viral Pneumonia-899.png;299;299;38,85;61,63;97,0;24480;64921
Viral Pneumonia-9.png;299;299;45,33;57,64;115,0;44305;45096
Viral Pneumonia-90.png;299;299;35,35;60,01;104,0;25779;63622
Viral Pneumonia-900.png;299;299;37,43;58,18;109,0;26934;62467
Viral Pneumonia-901.png;299;299;29,95;78,82;89,0;37918;51483
Viral Pneumonia-902.png;299;299;71,42;54,02;105,0;24311;65090
Viral Pneumonia-903.png;299;299;36,31;70,38;103,0;32687;56714
Viral Pneumonia-904.png;299;299;35,86;64,56;103,0;20096;69305
Viral Pneumonia-905.png;299;299;35,12;57,14;85,0;18110;71291
Viral Pneumonia-906.png;299;299;34,05;70,51;90,0;28522;60879
Viral Pneumonia-907.png;299;299;36,01;52,25;107,0;17745;71656
Viral Pneumonia-908.png;299;299;35,11;72,58;95,0;24335;65066
Viral Pneumonia-909.png;299;299;36,29;58,07;98,0;13010;76391
Viral Pneumonia-91.png;299;299;37,91;72,66;104,0;21691;67710
Viral Pneumonia-910.png;299;299;33,35;72,89;88,0;27989;61412
Viral Pneumonia-911.png;299;299;37,4;60,19;101,0;19322;70079
Viral Pneumonia-912.png;299;299;40,15;59,01;103,0;20271;69130
Viral Pneumonia-913.png;299;299;36,69;68,43;102,0;24831;64570
Viral Pneumonia-914.png;299;299;36,92;70,87;104,0;20233;69168
Viral Pneumonia-915.png;299;299;39,08;63,42;109,0;21890;67511
Viral Pneumonia-916.png;299;299;36,39;56,64;91,0;27823;61578
Viral Pneumonia-917.png;299;299;35,23;61,11;91,0;26383;63018
Viral Pneumonia-918.png;299;299;64,79;41,58;130,0;29291;60110
Viral Pneumonia-919.png;299;299;38,61;66,16;98,0;21925;67476
Viral Pneumonia-92.png;299;299;36,22;46,03;120,0;33247;56154
Viral Pneumonia-920.png;299;299;58,31;42,31;125,0;29638;59763
Viral Pneumonia-921.png;299;299;57,91;46,17;96,0;8950;80451
Viral Pneumonia-922.png;299;299;38,76;72,55;110,0;40339;49062
Viral Pneumonia-923.png;299;299;38,35;63,39;81,0;41539;47862
Viral Pneumonia-924.png;299;299;32,73;49,41;100,0;44219;45182
Viral Pneumonia-925.png;299;299;42,14;57,93;108,0;33998;55403
Viral Pneumonia-926.png;299;299;42,18;54,24;100,0;36865;52536
Viral Pneumonia-927.png;299;299;36,17;40,81;88,0;42634;46767
Viral Pneumonia-928.png;299;299;43,01;57,81;111,0;25371;64030
Viral Pneumonia-929.png;299;299;53,07;50,32;100,0;39715;49686
Viral Pneumonia-93.png;299;299;34,98;75,86;96,0;22508;66893
Viral Pneumonia-930.png;299;299;37,7;45,98;131,0;19501;69900
Viral Pneumonia-931.png;299;299;38,42;58,63;101,0;40264;49137
Viral Pneumonia-932.png;299;299;36,02;54,77;110,0;30015;59386
Viral Pneumonia-933.png;299;299;35,52;53,3;112,0;28469;60932
Viral Pneumonia-934.png;299;299;35,93;51,32;108,0;25301;64100
Viral Pneumonia-935.png;299;299;35,12;59,09;107,0;29550;59851
Viral Pneumonia-936.png;299;299;37,93;53,72;111,0;22860;66541
Viral Pneumonia-937.png;299;299;36,02;50,84;123,0;29508;59893
Viral Pneumonia-938.png;299;299;34,79;56,78;114,0;16321;73080
Viral Pneumonia-939.png;299;299;47,27;59,44;124,0;39194;50207
Viral Pneumonia-94.png;299;299;37,78;68,81;103,0;19552;69849
Viral Pneumonia-940.png;299;299;39,89;65,45;108,0;39242;50159
Viral Pneumonia-941.png;299;299;43,27;57,62;117,0;33418;55983
Viral Pneumonia-942.png;299;299;39,38;51,92;96,0;26530;62871
Viral Pneumonia-943.png;299;299;41,5;62,69;113,0;38223;51178
Viral Pneumonia-944.png;299;299;39,2;56,12;98,0;31403;57998
Viral Pneumonia-945.png;299;299;41,33;58,45;111,0;47491;41910
Viral Pneumonia-946.png;299;299;41,85;60,12;103,0;44948;44453
Viral Pneumonia-947.png;299;299;34,33;55,92;99,0;23400;66001
Viral Pneumonia-948.png;299;299;38,81;58,75;82,0;33845;55556
Viral Pneumonia-949.png;299;299;36,66;46,94;95,0;48676;40725
Viral Pneumonia-95.png;299;299;36,07;65,51;93,0;48904;40497
Viral Pneumonia-950.png;299;299;40,0;59,45;107,0;36566;52835
Viral Pneumonia-951.png;299;299;35,54;50,92;116,0;18217;71184
Viral Pneumonia-952.png;299;299;38,44;54,04;107,0;47352;42049
Viral Pneumonia-953.png;299;299;37,29;56,17;110,0;21338;68063
Viral Pneumonia-954.png;299;299;37,29;56,17;110,0;21338;68063
Viral Pneumonia-955.png;299;299;56,38;48,54;129,0;25438;63963
Viral Pneumonia-956.png;299;299;38,1;49,89;95,0;30422;58979
Viral Pneumonia-957.png;299;299;39,17;63,92;99,0;36933;52468
Viral Pneumonia-958.png;299;299;38,07;39,11;83,0;26347;63054
Viral Pneumonia-959.png;299;299;43,68;47,3;135,0;41203;48198
Viral Pneumonia-96.png;299;299;40,58;60,67;123,0;29997;59404
Viral Pneumonia-960.png;299;299;40,45;69,74;107,0;33047;56354
Viral Pneumonia-961.png;299;299;35,53;44,46;109,0;52045;37356
Viral Pneumonia-962.png;299;299;39,46;50,68;117,0;51693;37708
Viral Pneumonia-963.png;299;299;35,54;57,67;102,0;23722;65679
Viral Pneumonia-964.png;299;299;39,27;55,44;112,0;18923;70478
Viral Pneumonia-965.png;299;299;40,88;60,3;99,0;34930;54471
Viral Pneumonia-966.png;299;299;56,21;35,55;110,0;26259;63142
Viral Pneumonia-967.png;299;299;55,92;36,91;131,0;36007;53394
Viral Pneumonia-968.png;299;299;38,06;41,38;113,0;40153;49248
Viral Pneumonia-969.png;299;299;35,61;50,94;108,0;35232;54169
Viral Pneumonia-97.png;299;299;37,5;52,27;105,0;29713;59688
Viral Pneumonia-970.png;299;299;54,85;37,22;110,0;40541;48860
Viral Pneumonia-971.png;299;299;57,18;48,58;117,0;26725;62676
Viral Pneumonia-972.png;299;299;38,32;51,81;112,0;48372;41029
Viral Pneumonia-973.png;299;299;37,8;63,24;102,0;32653;56748
Viral Pneumonia-974.png;299;299;44,12;66,88;113,0;40760;48641
Viral Pneumonia-975.png;299;299;38,99;65,19;105,0;44481;44920
Viral Pneumonia-976.png;299;299;37,4;57,33;113,0;30238;59163
Viral Pneumonia-977.png;299;299;36,57;56,35;115,0;28985;60416
Viral Pneumonia-978.png;299;299;38,08;41,27;101,0;45330;44071
Viral Pneumonia-979.png;299;299;48,49;36,33;110,0;22667;66734
Viral Pneumonia-98.png;299;299;35,37;57,69;89,0;27485;61916
Viral Pneumonia-980.png;299;299;41,12;45,07;104,0;47507;41894
Viral Pneumonia-981.png;299;299;52,76;32,88;141,0;39799;49602
Viral Pneumonia-982.png;299;299;50,85;31,07;137,0;43684;45717
Viral Pneumonia-983.png;299;299;40,96;54,57;104,0;32506;56895
Viral Pneumonia-984.png;299;299;41,47;48,14;111,0;38104;51297
Viral Pneumonia-985.png;299;299;38,06;37,38;82,0;56219;33182
Viral Pneumonia-986.png;299;299;39,9;46,51;116,0;27646;61755
Viral Pneumonia-987.png;299;299;36,69;41,82;105,0;34884;54517
Viral Pneumonia-988.png;299;299;40,04;40,57;89,0;62743;26658
Viral Pneumonia-989.png;299;299;39,89;53,99;113,0;38237;51164
Viral Pneumonia-99.png;299;299;38,24;58,5;108,0;27867;61534
Viral Pneumonia-990.png;299;299;38,32;44,56;95,0;56450;32951
Viral Pneumonia-991.png;299;299;38,71;56,07;106,0;21763;67638
Viral Pneumonia-992.png;299;299;36,89;60,9;101,0;21494;67907
Viral Pneumonia-993.png;299;299;44,76;66,81;106,0;35178;54223
Viral Pneumonia-994.png;299;299;35,49;53,92;107,0;24415;64986
Viral Pneumonia-995.png;299;299;40,48;51,67;113,0;37536;51865
Viral Pneumonia-996.png;299;299;43,86;58,99;114,0;38849;50552
Viral Pneumonia-997.png;299;299;45,82;55,33;113,0;40017;49384
Viral Pneumonia-998.png;299;299;59,19;42,31;127,0;26127;63274
Viral Pneumonia-999.png;299;299;35,03;47,19;116,0;34006;55395
